エリウッド,マーカス,マリナス,ニノ,レベッカ,ロウエン
ウィル,リン,エリウッド,マーカス,ロウエン,レベッカ
エリウッド,フィオーラ,セイン,レベッカ,ロウエン,マーカス
イサドラ,セイン,レベッカ,ロウエン,エリウッド,マーカス
エリウッド,ハーケン,ヴァイダ,マリナス,マーカス,ロウエン
エリウッド,マーカス,マリナス,ヴァイダ,ハーケン,ロウエン
イサドラ,セイン,フィオーラ,エリウッド,ロウエン,マーカス
イサドラ,セイン,フィオーラ,エリウッド,マーカス,ロウエン
イサドラ,ガイツ,フィオーラ,エリウッド,ロウエン,マーカス
イサドラ,ガイツ,フィオーラ,エリウッド,マーカス,ロウエン
エリウッド,ヘクトル,セーラ,セイン,レベッカ,ロウエン
ウィル,リン,ヘクトル,エリウッド,ロウエン,レベッカ
エリウッド,ヘクトル,フロリーナ,ニノ,レベッカ,ロウエン
エリウッド,ヘクトル,ファリナ,ダーツ,レベッカ,ロウエン
ウィル,リン,エリウッド,ロウエン,レベッカ,レイヴァン
ウィル,ダーツ,レベッカ,ロウエン,エリウッド,リン
ウィル,ラス,リン,エリウッド,ロウエン,レベッカ
ウィル,レベッカ,ロウエン,エリウッド,リン,ワレス
ウィル,リン,エリウッド,ハーケン,ロウエン,レベッカ
エリウッド,リン,ケント,セイン,レベッカ,ロウエン
エリウッド,リン,フロリーナ,ニノ,レベッカ,ロウエン
エリウッド,フィオーラ,ケント,セイン,レベッカ,ロウエン
エリウッド,フィオーラ,セイン,ルイーズ,レベッカ,ロウエン
エリウッド,ハーケン,ロウエン,レベッカ,セイン,フィオーラ
イサドラ,セイン,レベッカ,ロウエン,エリウッド,ハーケン
エリウッド,フィオーラ,フロリーナ,ニノ,レベッカ,ロウエン
エリウッド,ニニアン,フロリーナ,ニノ,レベッカ,ロウエン
エリウッド,フィオーラ,ガイツ,ダーツ,レベッカ,ロウエン
エリウッド,フィオーラ,ファリナ,ダーツ,レベッカ,ロウエン
エリウッド,フィオーラ,パント,ルイーズ,レベッカ,ロウエン
エリウッド,ニニアン,ホークアイ,ルイーズ,レベッカ,ロウエン
イサドラ,セイン,セーラ,ヘクトル,エリウッド,ロウエン
イサドラ,ラガルト,マシュー,ヘクトル,エリウッド,ロウエン
イサドラ,セイン,ケント,リン,エリウッド,ロウエン
イサドラ,レナート,ワレス,リン,エリウッド,ロウエン
エリウッド,リン,ワレス,ヴァイダ,ハーケン,ロウエン
イサドラ,セイン,ケント,フィオーラ,エリウッド,ロウエン
イサドラ,セイン,フィオーラ,エリウッド,ロウエン,ハーケン
イサドラ,セイン,フィオーラ,エリウッド,ハーケン,ロウエン
イサドラ,ガイツ,フィオーラ,エリウッド,ロウエン,ハーケン
イサドラ,ガイツ,フィオーラ,エリウッド,ハーケン,ロウエン
イサドラ,セイン,セーラ,ヘクトル,エリウッド,マーカス
イサドラ,マーカス,エリウッド,ヘクトル,マシュー,ラガルト
エリウッド,ヘクトル,フロリーナ,ニノ,マリナス,マーカス
エリウッド,マーカス,マリナス,ニノ,フロリーナ,リン
エリウッド,マーカス,マリナス,ヴァイダ,ワレス,リン
エリウッド,フィオーラ,フロリーナ,ニノ,マリナス,マーカス
エリウッド,ニニアン,フロリーナ,ニノ,マリナス,マーカス
イサドラ,セイン,ケント,リン,エリウッド,マーカス
イサドラ,マーカス,エリウッド,リン,ワレス,レナート
エリウッド,マーカス,ハーケン,ヴァイダ,ワレス,リン
イサドラ,セイン,ケント,フィオーラ,エリウッド,マーカス
イサドラ,セイン,フィオーラ,エリウッド,マーカス,ハーケン
イサドラ,セイン,フィオーラ,エリウッド,ハーケン,マーカス
イサドラ,ガイツ,フィオーラ,エリウッド,マーカス,ハーケン
イサドラ,ガイツ,フィオーラ,エリウッド,ハーケン,マーカス
ウィル,リン,エリウッド,フィオーラ,セイン,レベッカ
エリウッド,フィオーラ,ガイツ,ドルカス,オズイン,ヘクトル
エリウッド,フィオーラ,ファリナ,ドルカス,オズイン,ヘクトル
エリウッド,ハーケン,ヴァイダ,ドルカス,オズイン,ヘクトル
エリウッド,フィオーラ,ガイツ,ドルカス,ファリナ,ヘクトル
エリウッド,ハーケン,ヴァイダ,ドルカス,ファリナ,ヘクトル
エリウッド,ハーケン,ヴァイダ,ドルカス,ガイツ,フィオーラ
エリウッド,ハーケン,ヴァイダ,ドルカス,ファリナ,フィオーラ
エリウッド,ヘクトル,オズイン,セーラ,フロリーナ,リン
エリウッド,フィオーラ,セイン,セーラ,オズイン,ヘクトル
エリウッド,フィオーラ,フロリーナ,セーラ,オズイン,ヘクトル
エリウッド,ニニアン,フロリーナ,セーラ,オズイン,ヘクトル
エリウッド,フィオーラ,セイン,プリシラ,オズイン,ヘクトル
エリウッド,ヘクトル,マシュー,セーラ,フロリーナ,リン
エリウッド,フィオーラ,セイン,セーラ,マシュー,ヘクトル
エリウッド,フィオーラ,フロリーナ,セーラ,マシュー,ヘクトル
エリウッド,ニニアン,フロリーナ,セーラ,マシュー,ヘクトル
エリウッド,フィオーラ,パント,エルク,セーラ,ヘクトル
エリウッド,ヘクトル,セーラ,セイン,ケント,リン
エリウッド,フィオーラ,セイン,セーラ,ヘクトル,リン
エリウッド,フィオーラ,フロリーナ,セーラ,ヘクトル,リン
エリウッド,ニニアン,フロリーナ,セーラ,ヘクトル,リン
エリウッド,フィオーラ,ケント,セイン,セーラ,ヘクトル
エリウッド,フィオーラ,セイン,セーラ,フロリーナ,ヘクトル
イサドラ,セイン,セーラ,ヘクトル,エリウッド,ハーケン
エリウッド,フィオーラ,ファリナ,フロリーナ,セーラ,ヘクトル
エリウッド,ヘクトル,マシュー,ギィ,ラス,リン
イサドラ,ハーケン,エリウッド,ヘクトル,マシュー,ラガルト
ウィル,ダーツ,ファリナ,ヘクトル,エリウッド,リン
エリウッド,フィオーラ,セイン,ケント,リン,ヘクトル
エリウッド,フィオーラ,ケント,リン,フロリーナ,ヘクトル
エリウッド,ヘクトル,フロリーナ,フィオーラ,ケント,リン
エリウッド,ヘクトル,フロリーナ,ファリナ,ケント,リン
エリウッド,フィオーラ,ケント,ワレス,リン,ヘクトル
エリウッド,フィオーラ,ファリナ,ケント,リン,ヘクトル
エリウッド,ヘクトル,ファリナ,フィオーラ,ケント,リン
エリウッド,フィオーラ,ケント,ファリナ,ヘクトル,リン
エリウッド,ヘクトル,ファリナ,ケント,ワレス,リン
エリウッド,フィオーラ,ファリナ,フロリーナ,リン,ヘクトル
エリウッド,ヘクトル,ファリナ,フィオーラ,フロリーナ,リン
エリウッド,フィオーラ,ファリナ,フロリーナ,ヘクトル,リン
エリウッド,フィオーラ,フロリーナ,ファリナ,ヘクトル,リン
エリウッド,フィオーラ,ファリナ,ヘクトル,フロリーナ,リン
エリウッド,ニニアン,フロリーナ,ファリナ,ヘクトル,リン
エリウッド,ハーケン,ヴァイダ,ワレス,リン,ヘクトル
エリウッド,フィオーラ,セイン,ケント,ファリナ,ヘクトル
エリウッド,フィオーラ,ケント,ファリナ,フロリーナ,ヘクトル
エリウッド,ニニアン,フロリーナ,フィオーラ,ファリナ,ヘクトル
エリウッド,ニニアン,フロリーナ,ヘクトル,ファリナ,フィオーラ
エリウッド,フィオーラ,ガイツ,ダーツ,ファリナ,ヘクトル
エリウッド,ハーケン,ヴァイダ,カアラ,ファリナ,ヘクトル
エリウッド,フィオーラ,セイン,セーラ,フロリーナ,リン
エリウッド,ニニアン,フロリーナ,セーラ,セイン,フィオーラ
ウィル,リン,エリウッド,フィオーラ,ケント,ワレス
ウィル,ダーツ,ガイツ,フィオーラ,エリウッド,リン
ウィル,ダーツ,ファリナ,フィオーラ,エリウッド,リン
ウィル,リン,エリウッド,ハーケン,ヴァイダ,ワレス
エリウッド,フィオーラ,セイン,ケント,ワレス,リン
イサドラ,セイン,ケント,リン,エリウッド,ハーケン
エリウッド,ニニアン,フロリーナ,フィオーラ,ケント,リン
エリウッド,ニニアン,フロリーナ,リン,ケント,フィオーラ
エリウッド,フィオーラ,フロリーナ,ファリナ,ケント,リン
エリウッド,フィオーラ,ケント,ファリナ,フロリーナ,リン
エリウッド,ニニアン,フロリーナ,ファリナ,ケント,リン
エリウッド,フィオーラ,ファリナ,ケント,ワレス,リン
エリウッド,ハーケン,ヴァイダ,ヒース,ケント,リン
エリウッド,ハーケン,ヴァイダ,ワレス,ケント,リン
イサドラ,ハーケン,エリウッド,リン,ワレス,レナート
イサドラ,セイン,ケント,フィオーラ,エリウッド,ハーケン
エリウッド,ニニアン,フロリーナ,ファリナ,ケント,フィオーラ
エリウッド,ハーケン,ヴァイダ,ヒース,ケント,フィオーラ
エリウッド,ハーケン,ヴァイダ,ワレス,ケント,フィオーラ
エリウッド,ニニアン,ホークアイ,ルイーズ,セイン,フィオーラ
エリウッド,ハーケン,ヴァイダ,カナス,パント,フィオーラ
エリウッド,ニニアン,ホークアイ,ルイーズ,パント,フィオーラ
エリウッド,ハーケン,ヴァイダ,カアラ,ファリナ,フィオーラ
イサドラ,マーカス,マリナス,ニノ,レベッカ,ロウエン
ニノ,マリナス,マーカス,ハーケン,ロウエン,レベッカ
イサドラ,セイン,ルイーズ,レベッカ,ロウエン,マーカス
イサドラ,セイン,レベッカ,ロウエン,マーカス,ハーケン
イサドラ,セイン,レベッカ,ロウエン,ハーケン,マーカス
イサドラ,ガイツ,ダーツ,レベッカ,ロウエン,マーカス
イサドラ,マーカス,ロウエン,レベッカ,ニノ,ラガルト
イサドラ,ラガルト,ニノ,マリナス,マーカス,ロウエン
イサドラ,ハーケン,ヴァイダ,マリナス,マーカス,ロウエン
イサドラ,マーカス,マリナス,ヴァイダ,ハーケン,ロウエン
イサドラ,レナート,バアトル,レイヴァン,レベッカ,ロウエン
ニノ,マリナス,ヴァイダ,ハーケン,ロウエン,レベッカ
イサドラ,セイン,プリシラ,レイヴァン,レベッカ,ロウエン
イサドラ,ガイツ,ダーツ,ウィル,レベッカ,ロウエン
イサドラ,レナート,ワレス,ウィル,レベッカ,ロウエン
ウィル,レベッカ,ロウエン,ハーケン,ヴァイダ,ワレス
イサドラ,ガイツ,フィオーラ,セイン,レベッカ,ロウエン
イサドラ,セイン,ルイーズ,レベッカ,ロウエン,ハーケン
イサドラ,レナート,ルセア,レイヴァン,レベッカ,ロウエン
イサドラ,レナート,カナス,ニノ,レベッカ,ロウエン
カナス,ニノ,レベッカ,ロウエン,ハーケン,ヴァイダ
イサドラ,ガイツ,カレル,ダーツ,レベッカ,ロウエン
イサドラ,ガイツ,ダーツ,レベッカ,ロウエン,ハーケン
イサドラ,ラガルト,ヒース,ルイーズ,レベッカ,ロウエン
イサドラ,ハーケン,ロウエン,レベッカ,ニノ,ラガルト
イサドラ,ラガルト,ジャファル,ニノ,レベッカ,ロウエン
ハーケン,ロウエン,レベッカ,ルイーズ,ヒース,ヴァイダ
イサドラ,ガイツ,ドルカス,ヴァイダ,ハーケン,ロウエン
イサドラ,レナート,カナス,ヴァイダ,ハーケン,ロウエン
イサドラ,ラガルト,ヒース,ヴァイダ,ハーケン,ロウエン
イサドラ,レナート,ワレス,ヴァイダ,ハーケン,ロウエン
イサドラ,セイン,レベッカ,ニノ,マリナス,マーカス
イサドラ,ガイツ,ドルカス,ヴァイダ,マリナス,マーカス
イサドラ,ガイツ,ドルカス,ヴァイダ,ハーケン,マーカス
イサドラ,マーカス,マリナス,ニノ,カナス,レナート
イサドラ,マーカス,マリナス,ヴァイダ,カナス,レナート
カナス,ニノ,マリナス,マーカス,ハーケン,ヴァイダ
イサドラ,マーカス,マリナス,ヴァイダ,ヒース,ラガルト
イサドラ,ハーケン,マーカス,マリナス,ニノ,ラガルト
イサドラ,マーカス,マリナス,ニノ,ジャファル,ラガルト
イサドラ,マーカス,マリナス,ヴァイダ,ワレス,レナート
イサドラ,マーカス,ハーケン,ヴァイダ,カナス,レナート
イサドラ,マーカス,ハーケン,ヴァイダ,ヒース,ラガルト
イサドラ,マーカス,ハーケン,ヴァイダ,ワレス,レナート
ガイツ,ダーツ,レベッカ,レイヴァン,バアトル,ドルカス
ダーツ,ファリナ,ドルカス,バアトル,レイヴァン,レベッカ
ウィル,レイヴァン,バアトル,カナス,ニノ,レベッカ
ウィル,レベッカ,レイヴァン,バアトル,レナート,ワレス
イサドラ,セイン,レベッカ,レイヴァン,バアトル,レナート
カナス,バアトル,レイヴァン,レベッカ,ルイーズ,パント
カナス,ニノ,レベッカ,レイヴァン,バアトル,レナート
カアラ,バアトル,レイヴァン,レベッカ,ダーツ,ファリナ
カアラ,カレル,ダーツ,レベッカ,レイヴァン,バアトル
ウィル,リン,ヘクトル,セーラ,セイン,レベッカ
セイン,セーラ,ヘクトル,フロリーナ,ニノ,レベッカ
セイン,セーラ,ヘクトル,ファリナ,ダーツ,レベッカ
ウィル,リン,ヘクトル,フロリーナ,ニノ,レベッカ
ウィル,リン,ヘクトル,ファリナ,ダーツ,レベッカ
ダーツ,ファリナ,ヘクトル,フロリーナ,ニノ,レベッカ
オズイン,セーラ,セイン,レベッカ,レイヴァン,プリシラ
ギィ,マシュー,セーラ,セイン,レベッカ,ルイーズ
セイン,セーラ,マシュー,ラガルト,ニノ,レベッカ
ジャファル,ニノ,レベッカ,セイン,セーラ,マシュー
エルク,セーラ,セイン,レベッカ,レイヴァン,プリシラ
エルク,セーラ,セイン,レベッカ,ルイーズ,パント
エルク,セーラ,セイン,ルイーズ,レベッカ,ニノ
エルク,セーラ,フロリーナ,ニノ,レベッカ,ルイーズ
エルク,セーラ,ルセア,レイヴァン,レベッカ,ルイーズ
エルク,セーラ,ルセア,レイヴァン,レベッカ,ニノ
セイン,セーラ,ルセア,プリシラ,レイヴァン,レベッカ
ウィル,リン,フロリーナ,セーラ,セイン,レベッカ
ウィル,レイヴァン,ルセア,セーラ,セイン,レベッカ
セイン,セーラ,フロリーナ,ファリナ,ダーツ,レベッカ
セイン,セーラ,フロリーナ,ニノ,レベッカ,ルイーズ
セイン,セーラ,ルセア,レイヴァン,レベッカ,ルイーズ
カレル,ダーツ,レベッカ,セイン,セーラ,ルセア
セーラ,フロリーナ,ニノ,レベッカ,レイヴァン,ルセア
ギィ,マシュー,ラガルト,ニノ,レベッカ,ルイーズ
ギィ,マシュー,ジャファル,ニノ,レベッカ,ルイーズ
エルク,ニノ,レベッカ,ルイーズ,ギィ,プリシラ
ウィル,ラス,ギィ,プリシラ,セイン,レベッカ
ウィル,ラス,ギィ,プリシラ,レイヴァン,レベッカ
ウィル,レイヴァン,プリシラ,ギィ,ルイーズ,レベッカ
ギィ,プリシラ,レイヴァン,レベッカ,セイン,ルイーズ
カレル,ギィ,プリシラ,セイン,レベッカ,ダーツ
ギィ,プリシラ,ルセア,レイヴァン,レベッカ,ルイーズ
カレル,ギィ,プリシラ,レイヴァン,レベッカ,ダーツ
ウィル,リン,ラス,ギィ,ルイーズ,レベッカ
ウィル,ラス,ギィ,ルイーズ,セイン,レベッカ
ウィル,ラス,ギィ,ルイーズ,レベッカ,レイヴァン
ウィル,ダーツ,レベッカ,ルイーズ,ギィ,ラス
ウィル,ラス,ギィ,カレル,ダーツ,レベッカ
ウィル,ダーツ,カレル,ギィ,ルイーズ,レベッカ
カレル,ギィ,ルイーズ,セイン,レベッカ,ダーツ
カレル,ギィ,ルイーズ,レベッカ,レイヴァン,ルセア
カレル,ガイツ,ダーツ,レベッカ,ルイーズ,ギィ
ウィル,レベッカ,ニノ,マリナス,ヴァイダ,ワレス
ニノ,マリナス,ヴァイダ,ヒース,ルイーズ,レベッカ
ウィル,レイヴァン,プリシラ,エルク,ルイーズ,レベッカ
ウィル,レイヴァン,プリシラ,エルク,ニノ,レベッカ
エルク,プリシラ,レイヴァン,レベッカ,セイン,ルイーズ
エルク,パント,ルイーズ,レベッカ,セイン,プリシラ
エルク,ニノ,レベッカ,ルイーズ,セイン,プリシラ
エルク,プリシラ,ルセア,レイヴァン,レベッカ,ルイーズ
エルク,ニノ,レベッカ,レイヴァン,ルセア,プリシラ
エルク,パント,ルイーズ,レベッカ,レイヴァン,プリシラ
エルク,ニノ,レベッカ,ルイーズ,ヒース,プリシラ
エルク,パント,フィオーラ,セイン,レベッカ,ルイーズ
エルク,ニノ,レベッカ,セイン,フィオーラ,パント
エルク,ニノ,レベッカ,セイン,ルイーズ,パント
エルク,パント,カナス,ニノ,レベッカ,ルイーズ
エルク,ニノ,レベッカ,ルイーズ,ホークアイ,パント
ウィル,レイヴァン,ルセア,プリシラ,セイン,レベッカ
ウィル,ダーツ,レベッカ,セイン,プリシラ,レイヴァン
ウィル,レイヴァン,プリシラ,セイン,ルイーズ,レベッカ
ウィル,レイヴァン,プリシラ,ヒース,ルイーズ,レベッカ
ケント,セイン,レベッカ,レイヴァン,プリシラ,ヒース
セイン,プリシラ,ルセア,レイヴァン,レベッカ,ルイーズ
セイン,ルイーズ,ヒース,プリシラ,レイヴァン,レベッカ
カレル,ダーツ,レベッカ,セイン,プリシラ,ルセア
セイン,プリシラ,ヒース,ラガルト,ニノ,レベッカ
カレル,ダーツ,レベッカ,レイヴァン,プリシラ,ルセア
ヒース,プリシラ,ルセア,レイヴァン,レベッカ,ルイーズ
ニノ,ラガルト,ヒース,プリシラ,レイヴァン,レベッカ
ウィル,リン,ケント,セイン,レベッカ,レイヴァン
ウィル,ダーツ,レベッカ,セイン,ケント,リン
ウィル,リン,ケント,フィオーラ,セイン,レベッカ
ウィル,ラス,リン,ケント,セイン,レベッカ
ウィル,リン,ワレス,ケント,セイン,レベッカ
ウィル,レベッカ,セイン,ケント,リン,ワレス
ウィル,リン,ケント,セイン,ルイーズ,レベッカ
ウィル,リン,ケント,ファリナ,ダーツ,レベッカ
ウィル,リン,ケント,ヒース,ルイーズ,レベッカ
ウィル,リン,フロリーナ,フィオーラ,セイン,レベッカ
ウィル,リン,フロリーナ,ニノ,レベッカ,レイヴァン
ウィル,リン,フロリーナ,ファリナ,ダーツ,レベッカ
ウィル,ダーツ,レベッカ,ニノ,フロリーナ,リン
ウィル,ラス,リン,フロリーナ,ニノ,レベッカ
ウィル,レベッカ,ニノ,フロリーナ,リン,ワレス
ケント,セイン,レベッカ,ニノ,フロリーナ,リン
ウィル,レイヴァン,レベッカ,セイン,ケント,ワレス
ウィル,ダーツ,レベッカ,セイン,ケント,ワレス
ウィル,ダーツ,ファリナ,ケント,セイン,レベッカ
ウィル,レベッカ,セイン,フィオーラ,ケント,ワレス
ウィル,レベッカ,ルイーズ,セイン,ケント,ワレス
ウィル,レベッカ,ダーツ,ファリナ,ケント,ワレス
ウィル,レベッカ,ルイーズ,ヒース,ケント,ワレス
ウィル,ダーツ,ガイツ,フィオーラ,セイン,レベッカ
ウィル,ダーツ,ファリナ,フィオーラ,セイン,レベッカ
イサドラ,ガイツ,ダーツ,ウィル,レベッカ,セイン
イサドラ,セイン,レベッカ,ウィル,ワレス,レナート
ウィル,ダーツ,ファリナ,フロリーナ,ニノ,レベッカ
ウィル,レイヴァン,ルセア,カレル,ダーツ,レベッカ
ウィル,ダーツ,カレル,ルセア,レイヴァン,レベッカ
ウィル,レベッカ,レイヴァン,ルセア,レナート,ワレス
ウィル,レベッカ,ニノ,カナス,ヴァイダ,ワレス
ウィル,レベッカ,ニノ,カナス,レナート,ワレス
ウィル,レベッカ,ルイーズ,ヒース,ヴァイダ,ワレス
ケント,セイン,レベッカ,ニノ,フロリーナ,フィオーラ
ケント,セイン,レベッカ,ニノ,フロリーナ,ファリナ
ガイツ,ダーツ,レベッカ,セイン,ケント,フィオーラ
ケント,セイン,レベッカ,ダーツ,ファリナ,フィオーラ
ケント,ファリナ,ダーツ,レベッカ,セイン,フィオーラ
ケント,セイン,ルイーズ,レベッカ,ダーツ,ファリナ
ケント,ヒース,ルイーズ,レベッカ,セイン,フィオーラ
ケント,セイン,レベッカ,ルイーズ,パント,フィオーラ
ケント,セイン,レベッカ,ニノ,ラガルト,ヒース
ケント,ヒース,ルイーズ,レベッカ,ダーツ,ファリナ
セイン,フィオーラ,フロリーナ,ファリナ,ダーツ,レベッカ
セイン,フィオーラ,ファリナ,フロリーナ,ニノ,レベッカ
セイン,フィオーラ,フロリーナ,ニノ,レベッカ,ルイーズ
イサドラ,セイン,レベッカ,レイヴァン,ルセア,レナート
カナス,ニノ,レベッカ,セイン,フィオーラ,パント
イサドラ,セイン,レベッカ,ニノ,カナス,レナート
カナス,ニノ,レベッカ,セイン,ルイーズ,パント
ガイツ,ダーツ,レベッカ,ルイーズ,セイン,フィオーラ
カレル,ガイツ,フィオーラ,セイン,レベッカ,ダーツ
セイン,フィオーラ,ファリナ,ダーツ,レベッカ,ルイーズ
イサドラ,ガイツ,ダーツ,レベッカ,ルイーズ,セイン
イサドラ,ガイツ,カレル,ダーツ,レベッカ,セイン
セイン,フィオーラ,パント,ホークアイ,ルイーズ,レベッカ
イサドラ,セイン,レベッカ,ルイーズ,ヒース,ラガルト
イサドラ,セイン,ルイーズ,レベッカ,ニノ,ラガルト
イサドラ,セイン,レベッカ,ニノ,ジャファル,ラガルト
セイン,ルイーズ,ヒース,ラガルト,ニノ,レベッカ
ガイツ,ダーツ,レベッカ,ニノ,フロリーナ,フィオーラ
ダーツ,ファリナ,フィオーラ,フロリーナ,ニノ,レベッカ
ニノ,フロリーナ,フィオーラ,パント,ルイーズ,レベッカ
ニニアン,フロリーナ,ニノ,レベッカ,ルイーズ,ホークアイ
カナス,ニノ,レベッカ,レイヴァン,ルセア,レナート
カレル,ガイツ,ダーツ,レベッカ,レイヴァン,ルセア
カナス,ニノ,レベッカ,ルイーズ,ヒース,ヴァイダ
カナス,ニノ,レベッカ,ルイーズ,ホークアイ,パント
ガイツ,ダーツ,レベッカ,ルイーズ,パント,フィオーラ
ダーツ,ファリナ,フィオーラ,パント,ルイーズ,レベッカ
イサドラ,ガイツ,ダーツ,レベッカ,ニノ,ラガルト
ジャファル,ニノ,レベッカ,ルイーズ,ヒース,ラガルト
オズイン,ドルカス,バアトル,カアラ,ファリナ,ヘクトル
オズイン,セーラ,ルセア,レイヴァン,バアトル,ドルカス
オズイン,セーラ,ルセア,レナート,バアトル,ドルカス
オズイン,ドルカス,バアトル,レイヴァン,ルセア,プリシラ
オズイン,ドルカス,バアトル,レナート,ルセア,プリシラ
カナス,ニノ,マリナス,ヴァイダ,ドルカス,バアトル
ドルカス,バアトル,レイヴァン,プリシラ,ヒース,ヴァイダ
ウィル,ダーツ,ガイツ,ドルカス,バアトル,レイヴァン
ウィル,ダーツ,ファリナ,ドルカス,バアトル,レイヴァン
ウィル,レイヴァン,バアトル,ドルカス,ヴァイダ,ワレス
ケント,ファリナ,ドルカス,バアトル,レナート,ワレス
カナス,ニノ,フロリーナ,ファリナ,ドルカス,バアトル
カレル,ガイツ,ドルカス,バアトル,レイヴァン,ルセア
カレル,ガイツ,ドルカス,バアトル,レナート,ルセア
カナス,バアトル,ドルカス,ガイツ,フィオーラ,パント
カナス,バアトル,ドルカス,ファリナ,フィオーラ,パント
イサドラ,ガイツ,ドルカス,バアトル,カナス,レナート
カナス,バアトル,ドルカス,ヴァイダ,ワレス,レナート
カアラ,ファリナ,ドルカス,バアトル,カナス,ヴァイダ
カアラ,バアトル,カナス,ヴァイダ,ドルカス,ファリナ
カアラ,バアトル,ドルカス,ガイツ,ダーツ,ファリナ
カアラ,カレル,ダーツ,ガイツ,ドルカス,バアトル
カアラ,カレル,ダーツ,ファリナ,ドルカス,バアトル
カアラ,バアトル,ドルカス,ガイツ,フィオーラ,ファリナ
イサドラ,ハーケン,ヴァイダ,ドルカス,バアトル,レナート
オズイン,セーラ,マシュー,ヘクトル,ファリナ,ドルカス
オズイン,ドルカス,ファリナ,ヘクトル,セーラ,マシュー
オズイン,ドルカス,ファリナ,フロリーナ,セーラ,ヘクトル
オズイン,セーラ,ヘクトル,フロリーナ,ファリナ,ドルカス
オズイン,セーラ,フロリーナ,ヘクトル,ファリナ,ドルカス
オズイン,ドルカス,ファリナ,フロリーナ,ヘクトル,マシュー
オズイン,ドルカス,ファリナ,ケント,リン,ヘクトル
オズイン,ドルカス,ファリナ,フロリーナ,リン,ヘクトル
オズイン,ドルカス,ヴァイダ,ワレス,リン,ヘクトル
オズイン,ドルカス,ガイツ,フィオーラ,フロリーナ,ヘクトル
オズイン,ドルカス,ファリナ,フィオーラ,フロリーナ,ヘクトル
オズイン,ドルカス,ガイツ,ダーツ,ファリナ,ヘクトル
オズイン,ドルカス,ガイツ,フィオーラ,ファリナ,ヘクトル
オズイン,ドルカス,ヴァイダ,カアラ,ファリナ,ヘクトル
ドルカス,ファリナ,ヘクトル,リン,ワレス,ヴァイダ
ガイツ,ドルカス,ファリナ,ヘクトル,フロリーナ,フィオーラ
オズイン,ドルカス,ファリナ,フロリーナ,セーラ,マシュー
オズイン,セーラ,セイン,ケント,ファリナ,ドルカス
オズイン,セーラ,セイン,フィオーラ,ガイツ,ドルカス
オズイン,セーラ,セイン,フィオーラ,ファリナ,ドルカス
イサドラ,ガイツ,ドルカス,オズイン,セーラ,セイン
オズイン,セーラ,フロリーナ,フィオーラ,ガイツ,ドルカス
オズイン,セーラ,フロリーナ,フィオーラ,ファリナ,ドルカス
オズイン,セーラ,ルセア,カレル,ガイツ,ドルカス
オズイン,ドルカス,ガイツ,カレル,ギィ,マシュー
イサドラ,ガイツ,ドルカス,オズイン,マシュー,ラガルト
オズイン,ドルカス,ヴァイダ,ヒース,ラガルト,マシュー
オズイン,ドルカス,ガイツ,カレル,ギィ,プリシラ
オズイン,ドルカス,ファリナ,ケント,セイン,プリシラ
オズイン,ドルカス,ファリナ,ケント,ヒース,プリシラ
オズイン,ドルカス,ガイツ,フィオーラ,セイン,プリシラ
オズイン,ドルカス,ファリナ,フィオーラ,セイン,プリシラ
イサドラ,ガイツ,ドルカス,オズイン,プリシラ,セイン
オズイン,ドルカス,ガイツ,カレル,ルセア,プリシラ
ドルカス,ファリナ,フロリーナ,ニノ,マリナス,ヴァイダ
ケント,ファリナ,ドルカス,ヴァイダ,ワレス,リン
ドルカス,ファリナ,フロリーナ,リン,ワレス,ヴァイダ
ウィル,ダーツ,ガイツ,ドルカス,ヴァイダ,ワレス
ウィル,ダーツ,ファリナ,ドルカス,ヴァイダ,ワレス
ガイツ,ドルカス,ファリナ,ケント,セイン,フィオーラ
イサドラ,ガイツ,ドルカス,ファリナ,ケント,セイン
ガイツ,ドルカス,ヴァイダ,ヒース,ケント,フィオーラ
ケント,ヒース,ヴァイダ,ドルカス,ファリナ,フィオーラ
ガイツ,ドルカス,ヴァイダ,ワレス,ケント,フィオーラ
ケント,フィオーラ,ファリナ,ドルカス,ヴァイダ,ワレス
イサドラ,ガイツ,ドルカス,ファリナ,フィオーラ,セイン
カナス,ニノ,フロリーナ,ファリナ,ドルカス,ヴァイダ
カナス,パント,フィオーラ,ガイツ,ドルカス,ヴァイダ
カナス,パント,フィオーラ,ファリナ,ドルカス,ヴァイダ
イサドラ,ガイツ,ドルカス,ヴァイダ,カナス,レナート
カアラ,カレル,ダーツ,ガイツ,ドルカス,ファリナ
カアラ,ファリナ,ダーツ,ガイツ,ドルカス,ヴァイダ
カアラ,カレル,ダーツ,ガイツ,ドルカス,ヴァイダ
カアラ,カレル,ダーツ,ファリナ,ドルカス,ヴァイダ
カアラ,ファリナ,フィオーラ,ガイツ,ドルカス,ヴァイダ
イサドラ,ガイツ,ドルカス,ヴァイダ,ヒース,ラガルト
イサドラ,ガイツ,ドルカス,ヴァイダ,ワレス,レナート
カアラ,カレル,ギィ,プリシラ,レイヴァン,バアトル
カアラ,バアトル,カナス,ニノ,マリナス,ヴァイダ
エルク,パント,カナス,バアトル,レイヴァン,プリシラ
エルク,ニノ,カナス,バアトル,レイヴァン,プリシラ
イサドラ,セイン,プリシラ,レイヴァン,バアトル,レナート
カナス,バアトル,レイヴァン,プリシラ,ルセア,レナート
カアラ,カレル,ルセア,プリシラ,レイヴァン,バアトル
カナス,バアトル,レイヴァン,プリシラ,ヒース,ヴァイダ
カアラ,バアトル,レイヴァン,プリシラ,ヒース,ヴァイダ
ウィル,リン,ワレス,レナート,バアトル,レイヴァン
ウィル,レイヴァン,バアトル,カナス,ヴァイダ,ワレス
ウィル,レイヴァン,バアトル,カナス,レナート,ワレス
ウィル,ダーツ,ファリナ,カアラ,バアトル,レイヴァン
ウィル,ダーツ,カレル,カアラ,バアトル,レイヴァン
ウィル,レイヴァン,バアトル,カアラ,ヴァイダ,ワレス
カアラ,バアトル,レナート,ワレス,ケント,ファリナ
カアラ,バアトル,カナス,ニノ,フロリーナ,ファリナ
カアラ,カレル,ルセア,レナート,カナス,バアトル
カアラ,バアトル,カナス,パント,フィオーラ,ファリナ
イサドラ,ラガルト,ニノ,カナス,バアトル,レナート
イサドラ,ハーケン,ヴァイダ,カナス,バアトル,レナート
カアラ,バアトル,カナス,レナート,ワレス,ヴァイダ
イサドラ,ガイツ,カレル,カアラ,バアトル,レナート
イサドラ,ハーケン,ヴァイダ,カアラ,バアトル,レナート
オズイン,プリシラ,ギィ,マシュー,セーラ,ヘクトル
オズイン,セーラ,ヘクトル,マシュー,ギィ,プリシラ
エルク,セーラ,マシュー,ヘクトル,オズイン,プリシラ
エルク,セーラ,ヘクトル,マシュー,オズイン,プリシラ
オズイン,プリシラ,セイン,セーラ,マシュー,ヘクトル
オズイン,プリシラ,セイン,セーラ,ヘクトル,マシュー
オズイン,プリシラ,ルセア,セーラ,マシュー,ヘクトル
オズイン,プリシラ,ルセア,セーラ,ヘクトル,マシュー
オズイン,ヘクトル,リン,フロリーナ,セーラ,マシュー
オズイン,セーラ,フロリーナ,リン,ヘクトル,マシュー
オズイン,ヘクトル,ファリナ,フロリーナ,セーラ,マシュー
オズイン,セーラ,フロリーナ,ファリナ,ヘクトル,マシュー
エルク,セーラ,フロリーナ,ヘクトル,オズイン,プリシラ
エルク,セーラ,オズイン,ヘクトル,フロリーナ,ニノ
オズイン,プリシラ,セイン,セーラ,フロリーナ,ヘクトル
オズイン,プリシラ,ルセア,セーラ,フロリーナ,ヘクトル
オズイン,プリシラ,レイヴァン,ルセア,セーラ,ヘクトル
オズイン,セーラ,セイン,ケント,リン,ヘクトル
オズイン,セーラ,セイン,ケント,ファリナ,ヘクトル
オズイン,セーラ,セイン,フィオーラ,フロリーナ,ヘクトル
オズイン,セーラ,セイン,フィオーラ,ファリナ,ヘクトル
オズイン,セーラ,フロリーナ,フィオーラ,ファリナ,ヘクトル
オズイン,ヘクトル,リン,ラス,ギィ,マシュー
オズイン,プリシラ,ヒース,ラガルト,マシュー,ヘクトル
オズイン,ヘクトル,フロリーナ,ニノ,ラガルト,マシュー
オズイン,ヘクトル,フロリーナ,ニノ,ジャファル,マシュー
オズイン,プリシラ,ギィ,ラス,リン,ヘクトル
エルク,ニノ,フロリーナ,ヘクトル,オズイン,プリシラ
ウィル,リン,ヘクトル,オズイン,プリシラ,レイヴァン
オズイン,プリシラ,セイン,ケント,リン,ヘクトル
オズイン,プリシラ,ヒース,ケント,リン,ヘクトル
オズイン,プリシラ,セイン,ケント,ファリナ,ヘクトル
オズイン,プリシラ,ヒース,ケント,ファリナ,ヘクトル
オズイン,プリシラ,セイン,フィオーラ,フロリーナ,ヘクトル
オズイン,プリシラ,セイン,フィオーラ,ファリナ,ヘクトル
エルク,セーラ,ヘクトル,マシュー,ギィ,プリシラ
エルク,セーラ,ヘクトル,マシュー,ギィ,ルイーズ
ギィ,プリシラ,セイン,セーラ,ヘクトル,マシュー
ギィ,プリシラ,ルセア,セーラ,ヘクトル,マシュー
ギィ,マシュー,セーラ,ヘクトル,リン,ラス
ギィ,マシュー,ヘクトル,セーラ,セイン,ルイーズ
カレル,ギィ,マシュー,ヘクトル,セーラ,ルセア
エルク,セーラ,マシュー,ヘクトル,フロリーナ,ニノ
エルク,セーラ,ヘクトル,マシュー,ラガルト,ニノ
エルク,セーラ,ヘクトル,マシュー,ジャファル,ニノ
ケント,セイン,セーラ,マシュー,ヘクトル,リン
ケント,セイン,セーラ,マシュー,ヘクトル,ファリナ
セイン,セーラ,マシュー,ヘクトル,フロリーナ,フィオーラ
セイン,セーラ,マシュー,ヘクトル,ファリナ,フィオーラ
イサドラ,セイン,セーラ,ヘクトル,マシュー,ラガルト
セーラ,フロリーナ,フィオーラ,ファリナ,ヘクトル,マシュー
セーラ,ヘクトル,フロリーナ,ニノ,ラガルト,マシュー
セーラ,フロリーナ,ニノ,ラガルト,マシュー,ヘクトル
ジャファル,ニノ,フロリーナ,ヘクトル,セーラ,マシュー
ジャファル,ニノ,フロリーナ,セーラ,ヘクトル,マシュー
エルク,セーラ,ヘクトル,リン,フロリーナ,ニノ
エルク,セーラ,ヘクトル,フロリーナ,フィオーラ,パント
エルク,セーラ,ヘクトル,ファリナ,フロリーナ,ニノ
エルク,セーラ,ヘクトル,ファリナ,フィオーラ,パント
ウィル,リン,ヘクトル,セーラ,ルセア,レイヴァン
ケント,セイン,セーラ,ヘクトル,フロリーナ,リン
ケント,セイン,セーラ,フロリーナ,ヘクトル,リン
ケント,フィオーラ,セイン,セーラ,ヘクトル,リン
ケント,セイン,セーラ,ヘクトル,リン,ワレス
ケント,フィオーラ,フロリーナ,セーラ,ヘクトル,リン
ケント,ファリナ,ヘクトル,セーラ,フロリーナ,リン
ケント,ファリナ,フロリーナ,セーラ,ヘクトル,リン
セイン,セーラ,ヘクトル,リン,フロリーナ,フィオーラ
セーラ,ヘクトル,リン,ワレス,レナート,ルセア
ケント,セイン,セーラ,ヘクトル,フロリーナ,フィオーラ
ケント,セイン,セーラ,ヘクトル,フロリーナ,ファリナ
ケント,セイン,セーラ,フロリーナ,ヘクトル,ファリナ
ケント,セイン,セーラ,ヘクトル,ファリナ,フィオーラ
ケント,ファリナ,ヘクトル,セーラ,セイン,フィオーラ
ケント,ファリナ,ヘクトル,セーラ,フロリーナ,フィオーラ
セイン,セーラ,ヘクトル,ファリナ,フロリーナ,フィオーラ
セイン,セーラ,ヘクトル,フロリーナ,ファリナ,フィオーラ
セイン,セーラ,フロリーナ,ヘクトル,ファリナ,フィオーラ
カレル,ダーツ,ファリナ,ヘクトル,セーラ,ルセア
カアラ,カレル,ルセア,セーラ,ヘクトル,ファリナ
ウィル,ラス,ギィ,マシュー,ヘクトル,リン
ギィ,マシュー,ヘクトル,フロリーナ,リン,ラス
カレル,ギィ,マシュー,ヘクトル,ファリナ,ダーツ
カアラ,カレル,ギィ,マシュー,ヘクトル,ファリナ
ケント,ヒース,ラガルト,マシュー,ヘクトル,リン
ニノ,フロリーナ,リン,ヘクトル,マシュー,ラガルト
ジャファル,ニノ,フロリーナ,リン,ヘクトル,マシュー
ケント,ヒース,ラガルト,マシュー,ヘクトル,ファリナ
ニノ,フロリーナ,ファリナ,ヘクトル,マシュー,ラガルト
ジャファル,ニノ,フロリーナ,ヘクトル,マシュー,ラガルト
ジャファル,マシュー,ヘクトル,フロリーナ,ニノ,ラガルト
ジャファル,ニノ,フロリーナ,ファリナ,ヘクトル,マシュー
ウィル,リン,ヘクトル,ファリナ,ケント,ワレス
ウィル,ダーツ,ファリナ,フロリーナ,ヘクトル,リン
ウィル,ダーツ,ファリナ,ヘクトル,フロリーナ,リン
ウィル,ダーツ,ファリナ,ヘクトル,リン,ラス
ウィル,ダーツ,ファリナ,ヘクトル,リン,ワレス
ケント,セイン,フィオーラ,フロリーナ,ヘクトル,リン
ケント,セイン,フィオーラ,ファリナ,ヘクトル,リン
ケント,フィオーラ,フロリーナ,ヘクトル,リン,ワレス
ケント,フィオーラ,フロリーナ,ファリナ,ヘクトル,リン
ケント,フィオーラ,ファリナ,フロリーナ,ヘクトル,リン
ケント,ファリナ,フィオーラ,フロリーナ,ヘクトル,リン
ケント,ファリナ,ヘクトル,リン,フロリーナ,フィオーラ
ケント,フィオーラ,ファリナ,ヘクトル,フロリーナ,リン
ケント,ファリナ,フロリーナ,ヘクトル,リン,ワレス
ケント,ファリナ,ヘクトル,フロリーナ,リン,ワレス
ケント,フィオーラ,ファリナ,ヘクトル,リン,ワレス
カアラ,ファリナ,ヘクトル,リン,ワレス,ヴァイダ
ケント,セイン,フィオーラ,フロリーナ,ヘクトル,ファリナ
ガイツ,ダーツ,ファリナ,ヘクトル,フロリーナ,フィオーラ
エルク,セーラ,オズイン,マシュー,ギィ,プリシラ
エルク,セーラ,オズイン,マシュー,ギィ,ルイーズ
オズイン,セーラ,セイン,プリシラ,ギィ,マシュー
オズイン,セーラ,ルセア,プリシラ,ギィ,マシュー
オズイン,セーラ,セイン,ルイーズ,ギィ,マシュー
オズイン,セーラ,ルセア,カレル,ギィ,マシュー
エルク,セーラ,オズイン,マシュー,ラガルト,ニノ
エルク,セーラ,オズイン,マシュー,ジャファル,ニノ
オズイン,プリシラ,レイヴァン,ルセア,セーラ,マシュー
オズイン,セーラ,マシュー,ラガルト,ヒース,プリシラ
イサドラ,セイン,セーラ,オズイン,マシュー,ラガルト
オズイン,セーラ,フロリーナ,ニノ,ラガルト,マシュー
オズイン,セーラ,フロリーナ,ニノ,ジャファル,マシュー
エルク,セーラ,オズイン,プリシラ,ギィ,ルイーズ
オズイン,セーラ,セイン,ルイーズ,ギィ,プリシラ
オズイン,セーラ,ルセア,カレル,ギィ,プリシラ
エルク,セーラ,オズイン,プリシラ,セイン,ルイーズ
エルク,プリシラ,オズイン,セーラ,セイン,ルイーズ
エルク,ニノ,フロリーナ,セーラ,オズイン,プリシラ
エルク,セーラ,オズイン,プリシラ,ヒース,ルイーズ
オズイン,セーラ,セイン,ケント,ヒース,プリシラ
オズイン,セーラ,フロリーナ,フィオーラ,セイン,プリシラ
オズイン,セーラ,セイン,ルイーズ,ヒース,プリシラ
エルク,プリシラ,オズイン,マシュー,ギィ,ルイーズ
オズイン,プリシラ,セイン,ルイーズ,ギィ,マシュー
オズイン,プリシラ,ルセア,カレル,ギィ,マシュー
オズイン,プリシラ,ヒース,ルイーズ,ギィ,マシュー
エルク,ニノ,ラガルト,マシュー,オズイン,プリシラ
エルク,ニノ,ジャファル,マシュー,オズイン,プリシラ
イサドラ,セイン,プリシラ,オズイン,マシュー,ラガルト
オズイン,プリシラ,ヒース,ラガルト,ジャファル,マシュー
エルク,セーラ,マシュー,ギィ,ルイーズ,パント
ギィ,プリシラ,レイヴァン,ルセア,セーラ,マシュー
ギィ,マシュー,セーラ,フロリーナ,リン,ラス
エルク,セーラ,マシュー,ラガルト,ヒース,プリシラ
エルク,セーラ,マシュー,ラガルト,ヒース,ルイーズ
エルク,セーラ,マシュー,ラガルト,ジャファル,ニノ
エルク,セーラ,マシュー,ジャファル,ラガルト,ニノ
セイン,セーラ,マシュー,ラガルト,ヒース,プリシラ
セーラ,マシュー,ラガルト,ヒース,プリシラ,ルセア
ケント,セイン,セーラ,マシュー,ラガルト,ヒース
イサドラ,セイン,セーラ,マシュー,ジャファル,ラガルト
セイン,セーラ,マシュー,ラガルト,ヒース,ルイーズ
ジャファル,ニノ,フロリーナ,セーラ,マシュー,ラガルト
ジャファル,マシュー,セーラ,フロリーナ,ニノ,ラガルト
イサドラ,ラガルト,マシュー,セーラ,ルセア,レナート
エルク,セーラ,セイン,ルイーズ,ギィ,プリシラ
エルク,セーラ,セイン,プリシラ,ギィ,ルイーズ
エルク,セーラ,ルセア,プリシラ,ギィ,ルイーズ
エルク,セーラ,ルセア,カレル,ギィ,プリシラ
エルク,セーラ,ルセア,カレル,ギィ,ルイーズ
ギィ,プリシラ,ルセア,セーラ,セイン,ルイーズ
カレル,ギィ,プリシラ,セイン,セーラ,ルセア
カレル,ギィ,ルイーズ,セイン,セーラ,ルセア
エルク,セーラ,セイン,ケント,ヒース,プリシラ
エルク,セーラ,フロリーナ,フィオーラ,セイン,プリシラ
エルク,ニノ,フロリーナ,セーラ,セイン,プリシラ
エルク,セーラ,ルセア,プリシラ,セイン,ルイーズ
エルク,プリシラ,ルセア,セーラ,セイン,ルイーズ
エルク,セーラ,セイン,ルイーズ,ヒース,プリシラ
エルク,セーラ,セイン,プリシラ,ヒース,ルイーズ
エルク,ニノ,フロリーナ,セーラ,ルセア,プリシラ
エルク,セーラ,ルセア,プリシラ,ヒース,ルイーズ
エルク,セーラ,セイン,ケント,フィオーラ,パント
エルク,セーラ,セイン,ケント,ヒース,ルイーズ
エルク,セーラ,フロリーナ,フィオーラ,セイン,ルイーズ
エルク,セーラ,セイン,フィオーラ,フロリーナ,ニノ
エルク,ニノ,フロリーナ,セーラ,セイン,ルイーズ
エルク,セーラ,セイン,フィオーラ,パント,ルイーズ
イサドラ,セイン,セーラ,エルク,ニノ,ラガルト
エルク,セーラ,セイン,ルイーズ,ホークアイ,パント
エルク,セーラ,フロリーナ,ニノ,カナス,パント
エルク,セーラ,フロリーナ,ファリナ,フィオーラ,パント
エルク,セーラ,フロリーナ,フィオーラ,パント,ルイーズ
エルク,セーラ,フロリーナ,ニニアン,ホークアイ,パント
エルク,セーラ,フロリーナ,ニニアン,ホークアイ,ルイーズ
エルク,セーラ,ルセア,レナート,カナス,パント
エルク,セーラ,ルセア,レナート,カナス,ニノ
ケント,セイン,セーラ,ルセア,プリシラ,ヒース
セイン,フィオーラ,フロリーナ,セーラ,ルセア,プリシラ
セイン,セーラ,ルセア,プリシラ,ヒース,ルイーズ
ウィル,リン,フロリーナ,セーラ,ルセア,レイヴァン
ケント,フィオーラ,セイン,セーラ,フロリーナ,リン
ケント,セイン,セーラ,フロリーナ,リン,ワレス
セーラ,フロリーナ,リン,ワレス,レナート,ルセア
ケント,セイン,セーラ,フロリーナ,ファリナ,フィオーラ
ケント,セイン,セーラ,フロリーナ,フィオーラ,ファリナ
ケント,ファリナ,フロリーナ,セーラ,セイン,フィオーラ
ケント,セイン,セーラ,ルセア,レナート,ワレス
イサドラ,ガイツ,フィオーラ,フロリーナ,セーラ,セイン
セイン,セーラ,フロリーナ,フィオーラ,パント,ルイーズ
イサドラ,セイン,セーラ,フロリーナ,ニノ,ラガルト
セイン,セーラ,フロリーナ,ニニアン,ホークアイ,ルイーズ
カレル,ガイツ,フィオーラ,セイン,セーラ,ルセア
イサドラ,ガイツ,カレル,ルセア,セーラ,セイン
カナス,ニノ,フロリーナ,セーラ,ルセア,レナート
カレル,ダーツ,ファリナ,フロリーナ,セーラ,ルセア
カレル,ガイツ,フィオーラ,フロリーナ,セーラ,ルセア
カアラ,カレル,ルセア,セーラ,フロリーナ,ファリナ
エルク,ニノ,ラガルト,マシュー,ギィ,プリシラ
エルク,ニノ,ジャファル,マシュー,ギィ,プリシラ
エルク,ニノ,ラガルト,マシュー,ギィ,ルイーズ
エルク,ニノ,ジャファル,マシュー,ギィ,ルイーズ
イサドラ,セイン,プリシラ,ギィ,マシュー,ラガルト
ギィ,プリシラ,ヒース,ラガルト,ジャファル,マシュー
イサドラ,セイン,ルイーズ,ギィ,マシュー,ラガルト
イサドラ,ガイツ,カレル,ギィ,マシュー,ラガルト
ギィ,マシュー,ジャファル,ラガルト,ヒース,ルイーズ
エルク,プリシラ,ルセア,カレル,ギィ,ルイーズ
エルク,パント,ホークアイ,ルイーズ,ギィ,プリシラ
ウィル,リン,ラス,ギィ,プリシラ,レイヴァン
ギィ,プリシラ,セイン,ケント,リン,ラス
ギィ,プリシラ,ヒース,ケント,リン,ラス
ウィル,ラス,ギィ,プリシラ,ルセア,レイヴァン
ウィル,ダーツ,カレル,ギィ,プリシラ,レイヴァン
ギィ,プリシラ,セイン,ケント,ヒース,ルイーズ
ギィ,プリシラ,ヒース,ケント,セイン,ルイーズ
カレル,ギィ,ルイーズ,セイン,プリシラ,ルセア
カレル,ガイツ,フィオーラ,セイン,プリシラ,ギィ
ギィ,プリシラ,セイン,フィオーラ,パント,ルイーズ
イサドラ,ガイツ,カレル,ギィ,プリシラ,セイン
カレル,ギィ,ルイーズ,ヒース,プリシラ,ルセア
カアラ,カレル,ギィ,プリシラ,ヒース,ヴァイダ
ウィル,ダーツ,カレル,ギィ,ラス,リン
ギィ,ラス,リン,ケント,セイン,ルイーズ
ギィ,ラス,リン,ケント,ヒース,ルイーズ
ウィル,ラス,ギィ,カレル,ルセア,レイヴァン
ウィル,ダーツ,ガイツ,カレル,ギィ,ラス
カレル,ガイツ,フィオーラ,セイン,ルイーズ,ギィ
イサドラ,ガイツ,カレル,ギィ,ルイーズ,セイン
カレル,ガイツ,フィオーラ,パント,ルイーズ,ギィ
カアラ,カレル,ギィ,ルイーズ,ヒース,ヴァイダ
エルク,ニノ,マリナス,ヴァイダ,ヒース,プリシラ
エルク,ニノ,マリナス,ヴァイダ,カナス,パント
エルク,ニノ,マリナス,ヴァイダ,ヒース,ルイーズ
ニノ,フロリーナ,リン,ワレス,ヴァイダ,マリナス
カアラ,ファリナ,フロリーナ,ニノ,マリナス,ヴァイダ
カナス,ニノ,マリナス,ヴァイダ,ワレス,レナート
イサドラ,ハーケン,ヴァイダ,マリナス,ニノ,ラガルト
ジャファル,ニノ,マリナス,ヴァイダ,ヒース,ラガルト
エルク,パント,フィオーラ,ケント,セイン,プリシラ
エルク,プリシラ,セイン,ケント,ヒース,ルイーズ
エルク,プリシラ,ヒース,ケント,セイン,ルイーズ
エルク,パント,フィオーラ,ケント,ヒース,プリシラ
エルク,ニノ,フロリーナ,フィオーラ,セイン,プリシラ
エルク,プリシラ,セイン,フィオーラ,パント,ルイーズ
イサドラ,セイン,プリシラ,エルク,ニノ,ラガルト
エルク,パント,ホークアイ,ルイーズ,セイン,プリシラ
エルク,パント,カナス,レナート,ルセア,プリシラ
エルク,ニノ,カナス,レナート,ルセア,プリシラ
エルク,パント,カナス,ヴァイダ,ヒース,プリシラ
エルク,ニノ,カナス,ヴァイダ,ヒース,プリシラ
エルク,ニノ,ジャファル,ラガルト,ヒース,プリシラ
エルク,パント,ホークアイ,ルイーズ,ヒース,プリシラ
エルク,パント,フィオーラ,ケント,セイン,ルイーズ
エルク,パント,フィオーラ,ケント,ヒース,ルイーズ
エルク,ニノ,フロリーナ,フィオーラ,セイン,ルイーズ
イサドラ,セイン,ルイーズ,エルク,ニノ,ラガルト
エルク,ニノ,フロリーナ,ファリナ,フィオーラ,パント
エルク,ニノ,フロリーナ,フィオーラ,パント,ルイーズ
エルク,ニノ,フロリーナ,ニニアン,ホークアイ,パント
エルク,ニノ,フロリーナ,ニニアン,ホークアイ,ルイーズ
エルク,パント,カナス,ヴァイダ,ヒース,ルイーズ
エルク,ニノ,カナス,ヴァイダ,ヒース,ルイーズ
エルク,ニノ,カナス,パント,ホークアイ,ルイーズ
エルク,ニノ,ラガルト,ヒース,ルイーズ,パント
エルク,ニノ,ジャファル,ラガルト,ヒース,ルイーズ
ウィル,リン,ケント,セイン,プリシラ,レイヴァン
ウィル,リン,ケント,ヒース,プリシラ,レイヴァン
ウィル,レイヴァン,プリシラ,セイン,ケント,ワレス
ウィル,レイヴァン,プリシラ,ヒース,ケント,ワレス
ウィル,ダーツ,カレル,ルセア,プリシラ,レイヴァン
ウィル,レイヴァン,プリシラ,ルセア,レナート,ワレス
ウィル,レイヴァン,プリシラ,ヒース,ヴァイダ,ワレス
ケント,セイン,プリシラ,ルセア,レナート,ワレス
ケント,ヒース,プリシラ,セイン,フィオーラ,ファリナ
ケント,セイン,プリシラ,ヒース,ヴァイダ,ワレス
ケント,ヒース,プリシラ,ルセア,レナート,ワレス
イサドラ,セイン,プリシラ,レイヴァン,ルセア,レナート
カレル,ガイツ,フィオーラ,セイン,プリシラ,ルセア
イサドラ,ガイツ,カレル,ルセア,プリシラ,セイン
セイン,フィオーラ,パント,ルイーズ,ヒース,プリシラ
イサドラ,セイン,プリシラ,ヒース,ヴァイダ,ハーケン
カナス,レナート,ルセア,プリシラ,ヒース,ヴァイダ
イサドラ,ラガルト,ヒース,プリシラ,ルセア,レナート
ヒース,プリシラ,ルセア,レナート,ワレス,ヴァイダ
カアラ,カレル,ルセア,プリシラ,ヒース,ヴァイダ
ウィル,リン,フロリーナ,フィオーラ,ケント,ワレス
ウィル,リン,フロリーナ,ファリナ,ケント,ワレス
ウィル,ダーツ,ガイツ,フィオーラ,ケント,リン
ウィル,ダーツ,ファリナ,フィオーラ,ケント,リン
ウィル,ダーツ,ファリナ,ケント,リン,ラス
ウィル,ダーツ,ファリナ,ケント,ワレス,リン
ウィル,ダーツ,ファリナ,ケント,リン,ワレス
ウィル,リン,ケント,ヒース,ヴァイダ,ワレス
ウィル,ダーツ,ガイツ,フィオーラ,フロリーナ,リン
ウィル,ダーツ,ファリナ,フィオーラ,フロリーナ,リン
ウィル,ダーツ,ファリナ,フロリーナ,リン,ラス
ウィル,ダーツ,ファリナ,フロリーナ,リン,ワレス
ウィル,リン,ワレス,レナート,ルセア,レイヴァン
ケント,セイン,フィオーラ,フロリーナ,リン,ワレス
ケント,セイン,フィオーラ,ファリナ,フロリーナ,リン
イサドラ,セイン,ケント,リン,ワレス,レナート
ケント,ファリナ,フィオーラ,フロリーナ,リン,ワレス
ケント,フィオーラ,ファリナ,フロリーナ,リン,ワレス
ケント,ヒース,ラガルト,ニノ,フロリーナ,リン
カアラ,ファリナ,ケント,リン,ワレス,ヴァイダ
カナス,ニノ,フロリーナ,リン,ワレス,ヴァイダ
カナス,ニノ,フロリーナ,リン,ワレス,レナート
カアラ,ファリナ,フロリーナ,リン,ワレス,ヴァイダ
ウィル,ダーツ,ガイツ,フィオーラ,ケント,ワレス
ウィル,ダーツ,ファリナ,フィオーラ,ケント,ワレス
ウィル,ダーツ,ガイツ,カレル,ルセア,レイヴァン
ウィル,ダーツ,カレル,ルセア,レナート,ワレス
イサドラ,ガイツ,ダーツ,ウィル,ワレス,レナート
ウィル,ダーツ,ファリナ,カアラ,ヴァイダ,ワレス
ウィル,ダーツ,カレル,カアラ,ヴァイダ,ワレス
ガイツ,ダーツ,ファリナ,ケント,セイン,フィオーラ
イサドラ,ガイツ,ダーツ,ファリナ,ケント,セイン
イサドラ,セイン,フィオーラ,ケント,ヒース,ラガルト
イサドラ,ガイツ,フィオーラ,ファリナ,ケント,セイン
イサドラ,セイン,フィオーラ,ケント,ワレス,レナート
ケント,ヒース,ルイーズ,セイン,フィオーラ,ファリナ
ケント,セイン,フィオーラ,パント,ルイーズ,ヒース
ケント,セイン,ルイーズ,ホークアイ,パント,フィオーラ
ケント,セイン,ルイーズ,パント,フィオーラ,ファリナ
イサドラ,セイン,ケント,ヒース,ヴァイダ,ハーケン
イサドラ,セイン,ケント,ワレス,ヴァイダ,ハーケン
ケント,セイン,ルイーズ,ヒース,ヴァイダ,ワレス
ケント,ヒース,ラガルト,ニノ,フロリーナ,フィオーラ
ケント,ヒース,ラガルト,ニノ,フロリーナ,ファリナ
カナス,パント,フィオーラ,ケント,ヒース,ヴァイダ
カナス,パント,フィオーラ,ケント,ワレス,ヴァイダ
カナス,パント,フィオーラ,ケント,ワレス,レナート
カナス,レナート,ワレス,ケント,ヒース,ヴァイダ
カレル,ガイツ,フィオーラ,ケント,ファリナ,ダーツ
イサドラ,ガイツ,フィオーラ,ケント,ヒース,ラガルト
イサドラ,ガイツ,フィオーラ,ケント,ワレス,レナート
ケント,ヒース,ルイーズ,ホークアイ,パント,フィオーラ
ケント,ヒース,ルイーズ,パント,フィオーラ,ファリナ
カアラ,ファリナ,フィオーラ,ケント,ヒース,ヴァイダ
カアラ,カレル,ガイツ,フィオーラ,ケント,ファリナ
カアラ,ファリナ,フィオーラ,ケント,ワレス,ヴァイダ
イサドラ,ラガルト,ヒース,ケント,ワレス,レナート
イサドラ,セイン,フィオーラ,フロリーナ,ニノ,ラガルト
セイン,フィオーラ,フロリーナ,ニニアン,ホークアイ,ルイーズ
イサドラ,セイン,フィオーラ,パント,カナス,レナート
イサドラ,セイン,ルイーズ,パント,カナス,レナート
イサドラ,ガイツ,ダーツ,ファリナ,フィオーラ,セイン
イサドラ,ガイツ,フィオーラ,パント,ルイーズ,セイン
イサドラ,セイン,ルイーズ,ヒース,ヴァイダ,ハーケン
カナス,ニノ,フロリーナ,ファリナ,フィオーラ,パント
カナス,ニノ,フロリーナ,ニニアン,ホークアイ,パント
カアラ,ファリナ,フロリーナ,ニノ,カナス,ヴァイダ
カレル,ガイツ,フィオーラ,フロリーナ,ファリナ,ダーツ
イサドラ,ガイツ,フィオーラ,フロリーナ,ニノ,ラガルト
ニニアン,フロリーナ,ファリナ,フィオーラ,パント,ホークアイ
ニニアン,フロリーナ,フィオーラ,パント,ルイーズ,ホークアイ
カアラ,カレル,ガイツ,フィオーラ,フロリーナ,ファリナ
カアラ,カレル,ルセア,レナート,カナス,ヴァイダ
イサドラ,ガイツ,ダーツ,カレル,ルセア,レナート
カアラ,カレル,ルセア,レナート,ワレス,ヴァイダ
イサドラ,ガイツ,フィオーラ,パント,カナス,レナート
カアラ,ファリナ,フィオーラ,パント,カナス,ヴァイダ
イサドラ,ラガルト,ヒース,ヴァイダ,カナス,レナート
イサドラ,ハーケン,ヴァイダ,カナス,ニノ,ラガルト
イサドラ,ラガルト,ジャファル,ニノ,カナス,レナート
カナス,ニノ,ラガルト,ヒース,ルイーズ,パント
カナス,ニノ,ジャファル,ラガルト,ヒース,ヴァイダ
カナス,パント,ホークアイ,ルイーズ,ヒース,ヴァイダ
カアラ,カレル,ダーツ,ガイツ,フィオーラ,ファリナ
イサドラ,ラガルト,ヒース,ヴァイダ,ワレス,レナート
イサドラ,ガイツ,カレル,カアラ,ヴァイダ,ハーケン