シャニー,ロイ,ランス,ロット
ウォルト,スー,ロイ,ランス
アレン,ウォルト,ランス,ロイ
ウォルト,マーカス,ロイ,ランス
アレン,マーカス,ウォルト,ランス
アレン,ランス,ロット,ワード
ウォルト,スー,ロイ,マーカス
アレン,ティト,シャニー,ワード
アレン,ウォルト,マーカス,ランス
アレン,ロイ,シャニー,ワード
アレン,ウォルト,マーカス,ロイ
ウォルト,マーカス,ランス,ロイ
ウェンディ,バース,オージェ,ボールス
アレン,ランス,ウォルト,ロイ
オージェ,バース,リリーナ,ボールス
エレン,ツァイス,ミレディ,ルゥ
アストール,バース,オージェ,ボールス
アレン,ランス,マーカス,ロイ
エレン,チャド,ヒュウ,ルゥ
ウェンディ,オージェ,ボールス,バース
アレン,ウォルト,ロイ,ランス
エレン,チャド,レイ,ルゥ
ウェンディ,オージェ,ボールス,リリーナ
アレン,マーカス,ロイ,ランス
アストール,ウェンディ,オージェ,ボールス
エレン,サウル,ヨーデル,ミレディ
アレン,ウォルト,ランス,マーカス
クラリーネ,クレイン,ディーク,ルトガー
オージェ,ボールス,バース,リリーナ
アストール,ボールス,オージェ,リリーナ
エキドナ,ロット,ディーク,ワード
エレン,チャド,ルゥ,ミレディ
ウェンディ,ボールス,オージェ,リリーナ
アストール,ウェンディ,バース,ボールス
アストール,ウェンディ,リリーナ,ボールス
アストール,バース,ウェンディ,ボールス
アレン,マーカス,ウォルト,ロイ
アストール,バース,リリーナ,ボールス
アレン,ウォルト,スー,ロイ
ウォルト,マーカス,リリーナ,ロイ
シャニー,ディーク,ワード,ロット
ウォルト,ランス,マーカス,ロイ
アレン,ウォルト,ロイ,マーカス
クラリーネ,ディーク,ロット,ランス
マーカス,ランス,ロイ,リリーナ
エキドナ,ロット,シャニー,ワード
アストール,ボールス,バース,リリーナ
アレン,マーカス,ランス,ロイ
アレン,ティト,シャニー,ロイ
シャニー,ディーク,ロット,ワード
アレン,マーカス,リリーナ,ロイ
セシリア,リリーナ,マーカス,ロイ
アストール,ボールス,ウェンディ,リリーナ
セシリア,パーシバル,ララム,ロイ
ウェンディ,バース,リリーナ,ボールス
ガレット,ララム,ロイ,リリーナ
シャニー,ロット,ディーク,ワード
セシリア,ダグラス,ララム,ロイ
クレイン,ティト,シャニー,ディーク
オージェ,ララム,ロイ,リリーナ
スー,ファ,ソフィーヤ,ロイ
ウェンディ,ボールス,バース,リリーナ
アストール,ウェンディ,ボールス,バース
アストール,ウェンディ,ボールス,リリーナ
シャニー,ティト,ゼロット,ユーノ
シャニー,ゼロット,ユーノ,ティト
チャド,ヒュウ,ニイメ,レイ
チャド,ヒュウ,ルゥ,レイ
チャド,ヒュウ,レイ,ルゥ
ウェンディ,オージェ,バース,ボールス
キャス,チャド,ルゥ,ヒュウ
ウェンディ,オージェ,リリーナ,ボールス
キャス,チャド,レイ,ヒュウ
チャド,ルゥ,ヒュウ,レイ
ウェンディ,バース,ボールス,リリーナ
クラリーネ,クレイン,パーシバル,ドロシー
ニイメ,ヒュウ,ルゥ,レイ
シャニー,ゼロット,ティト,ユーノ
シャニー,ゼロット,トレック,ユーノ
シャニー,ゼロット,ノア,ユーノ
イグレーヌ,サウル,セシリア,ダグラス
シン,ダヤン,ルトガー,フィル
シン,ダヤン,ヨーデル,ドロシー
サウル,セシリア,パーシバル,ドロシー
カレル,バアトル,フィル,ルトガー
カレル,ノア,フィル,ルトガー
アストール,バース,ボールス,リリーナ
ゼロット,ティト,ユーノ,トレック
ゼロット,ティト,ユーノ,ノア
オージェ,バース,ボールス,リリーナ
ゼロット,トレック,ユーノ,ノア
ゼロット,ノア,トレック,ユーノ
アストール,ウェンディ,バース,リリーナ
ウェンディ,オージェ,リリーナ,バース
カレル,ノア,フィル,バアトル
アストール,ウェンディ,リリーナ,バース
ゼロット,トレック,ノア,ユーノ
ウェンディ,バース,オージェ,リリーナ
アストール,バース,オージェ,リリーナ
アストール,バース,ウェンディ,リリーナ
アストール,ウェンディ,オージェ,バース
アストール,ウェンディ,オージェ,リリーナ
オージェ,ララム,ガレット,リリーナ
ウェンディ,オージェ,バース,リリーナ
シン,ツァイス,バアトル,フィル
カレル,ツァイス,シン,フィル
ガレット,キャス,バアトル,ゴンザレス
カレル,ツァイス,バアトル,フィル
エキドナ,ギース,ガレット,ゴンザレス
エキドナ,ゴンザレス,ガレット,ララム
ギース,ダグラス,パーシバル,ララム
エルフィン,クレイン,パーシバル,ダグラス
ガレット,キャス,ギース,ララム
エルフィン,クレイン,パーシバル,セシリア
ガレット,ギース,ダグラス,ララム
エキドナ,ギース,ダグラス,ララム
エキドナ,ギース,ガレット,ララム
エルフィン,ダグラス,ララム,パーシバル
セシリア,ダグラス,ララム,パーシバル
イグレーヌ,ダグラス,エルフィン,ファ
エルフィン,ダグラス,セシリア,パーシバル
エルフィン,セシリア,パーシバル,ダグラス
エルフィン,セシリア,ダグラス,パーシバル
ソフィーヤ,ファ,ニイメ,レイ
ソフィーヤ,ニイメ,ヒュウ,レイ
イグレーヌ,ソフィーヤ,ニイメ,ファ
