エリウッド,マーカス,ハーケン,ロウエン
イサドラ,ハーケン,エリウッド,マーカス
イサドラ,マーカス,エリウッド,ロウエン
ハーケン,マーカス,マリナス,ヴァイダ
エリウッド,ハーケン,ロウエン,マーカス
イサドラ,ハーケン,マーカス,ロウエン
カアラ,ファリナ,ドルカス,ヴァイダ
エリウッド,ハーケン,マーカス,ロウエン
カアラ,バアトル,ドルカス,ヴァイダ
カアラ,バアトル,カナス,ヴァイダ
ファリナ,フィオーラ,フロリーナ,ヘクトル
カナス,バアトル,ドルカス,ヴァイダ
オズイン,セーラ,セイン,プリシラ
エリウッド,フィオーラ,ファリナ,ヘクトル
ガイツ,ドルカス,ファリナ,フィオーラ
オズイン,セーラ,ルセア,プリシラ
ガイツ,ダーツ,ファリナ,ドルカス
オズイン,プリシラ,ギィ,マシュー
イサドラ,マーカス,ハーケン,ロウエン
エルク,セーラ,オズイン,プリシラ
カアラ,バアトル,ドルカス,ファリナ
イサドラ,ハーケン,エリウッド,ロウエン
オズイン,セーラ,フロリーナ,ヘクトル
イサドラ,ハーケン,ロウエン,マーカス
ファリナ,フロリーナ,リン,ヘクトル
バアトル,レイヴァン,ルセア,レナート
セーラ,フロリーナ,ファリナ,ヘクトル
オズイン,ドルカス,ファリナ,ヘクトル
エリウッド,ニニアン,フロリーナ,リン
ケント,ファリナ,ヘクトル,リン
エリウッド,ニニアン,フロリーナ,フィオーラ
エリウッド,ニニアン,フロリーナ,ヘクトル
オズイン,セーラ,ヘクトル,マシュー
オズイン,セーラ,マシュー,ヘクトル
セーラ,フロリーナ,リン,ヘクトル
オズイン,ヘクトル,セーラ,マシュー
エリウッド,ヘクトル,フロリーナ,リン
エリウッド,フィオーラ,フロリーナ,ヘクトル
セーラ,フロリーナ,ヘクトル,マシュー
イサドラ,セイン,レベッカ,ロウエン
ウィル,ダーツ,レベッカ,レイヴァン
セイン,プリシラ,レイヴァン,レベッカ
ジャファル,ニノ,ラガルト,マシュー
カレル,ギィ,プリシラ,ルセア
エルク,セーラ,フロリーナ,ニノ
カナス,ニノ,マリナス,ヴァイダ
エリウッド,フィオーラ,フロリーナ,リン
エルク,セーラ,セイン,プリシラ
エルク,セーラ,ルセア,プリシラ
エリウッド,フィオーラ,ケント,リン
ウィル,ラス,リン,ワレス
ケント,ヒース,ヴァイダ,ワレス
ウィル,リン,ケント,ワレス
ケント,セイン,プリシラ,ヒース
ケント,ファリナ,フロリーナ,フィオーラ
ケント,フィオーラ,フロリーナ,リン
ケント,ファリナ,フロリーナ,リン
ケント,セイン,フィオーラ,ファリナ
イサドラ,ガイツ,フィオーラ,セイン
セイン,フィオーラ,パント,ルイーズ
セイン,セーラ,フロリーナ,フィオーラ
セイン,セーラ,ルセア,プリシラ
カナス,レナート,ワレス,ヴァイダ
ガイツ,ダーツ,ファリナ,フィオーラ
カアラ,カレル,ダーツ,ファリナ
