エイリーク,ヒーニアス,ヴァネッサ,シレーネ,カイル,フォルデ
カイル,コーマ,モルダ,ギリアム,フランツ,フォルデ
アメリア,デュッセル,ノール,ナターシャ,ゼト,フランツ
ギリアム,シレーネ,ターナ,マリカ,コーマ,モルダ
アメリア,デュッセル,クーガー,ナターシャ,ゼト,フランツ
アメリア,デュッセル,クーガー,ゼト,ナターシャ,フランツ
カイル,コーマ,モルダ,シレーネ,ヴァネッサ,フォルデ
カイル,シレーネ,ターナ,ヒーニアス,ヴァネッサ,フォルデ
アメリア,デュッセル,エフラム,カイル,フォルデ,フランツ
カイル,シレーネ,ギリアム,モルダ,ヴァネッサ,フォルデ
ガルシア,ドズラ,ユアン,サレフ,ジスト,ロス
エフラム,カイル,フォルデ,ヴァネッサ,シレーネ,ターナ
アメリア,デュッセル,エフラム,エイリーク,フォルデ,フランツ
サレフ,ジスト,ロス,ユアン,ドズラ,ミルラ
エフラム,カイル,フォルデ,ヴァネッサ,ヒーニアス,ターナ
アメリア,デュッセル,エフラム,エイリーク,ゼト,フランツ
ガルシア,ドズラ,ミルラ,サレフ,ジスト,ロス
エフラム,カイル,フォルデ,ヴァネッサ,ヒーニアス,ラーチェル
アメリア,フランツ,フォルデ,エイリーク,サレフ,ユアン
アスレイ,クーガー,ナターシャ,ゼト,ガルシア,ネイミー
エイリーク,エフラム,カイル,フォルデ,ヴァネッサ,ヒーニアス
アスレイ,テティス,レナック,ドズラ,ガルシア,ネイミー
アメリア,フランツ,ゼト,エイリーク,サレフ,ユアン
アスレイ,テティス,ユアン,ドズラ,ガルシア,ネイミー
エイリーク,サレフ,ジスト,ロス,ガルシア,ゼト
クーガー,ゼト,フランツ,ナターシャ,ノール,デュッセル
アメリア,フランツ,ギリアム,ガルシア,ドズラ,ユアン
カイル,コーマ,モルダ,シレーネ,ヴァネッサ,ルーテ
アメリア,ユアン,テティス,マリカ,ジスト,ロス
アメリア,デュッセル,クーガー,ゼト,ガルシア,ロス
エフラム,カイル,コーマ,モルダ,シレーネ,ターナ
アスレイ,テティス,ユアン,ロス,ガルシア,ネイミー
アスレイ,テティス,マリカ,ジスト,ロス,ルーテ
アメリア,デュッセル,クーガー,ゼト,ガルシア,ネイミー
エイリーク,ヒーニアス,ターナ,シレーネ,カイル,フォルデ
アスレイ,テティス,ジスト,ロス,ガルシア,ネイミー
アスレイ,ヨシュア,マリカ,ジスト,ロス,ルーテ
エイリーク,ゼト,クーガー,デュッセル,エフラム,ターナ
エイリーク,エフラム,ターナ,シレーネ,カイル,フォルデ
カイル,コーマ,マリカ,ジスト,ロス,ルーテ
エイリーク,ゼト,クーガー,デュッセル,エフラム,ラーチェル
ガルシア,ギリアム,モルダ,コーマ,レナック,ドズラ
アメリア,ネイミー,コーマ,マリカ,ジスト,ロス
アメリア,フランツ,ゼト,ガルシア,ドズラ,ユアン
エフラム,デュッセル,クーガー,ゼト,フランツ,フォルデ
ガルシア,ネイミー,コーマ,マリカ,ジスト,ロス
エイリーク,ゼト,クーガー,デュッセル,エフラム,フォルデ
アメリア,フランツ,ギリアム,ガルシア,ロス,ユアン
アスレイ,ネイミー,ガルシア,ロス,ジスト,ヨシュア
エフラム,カイル,コーマ,モルダ,ヴァネッサ,フォルデ
ギリアム,シレーネ,ターナ,クーガー,ゼト,フランツ
アメリア,フランツ,ゼト,ガルシア,ロス,ユアン
アスレイ,ネイミー,ガルシア,ゼト,ナターシャ,ヨシュア
ガルシア,ギリアム,シレーネ,ターナ,クーガー,ゼト
アメリア,フランツ,ナターシャ,ヨシュア,ジスト,ロス
コーマ,マリカ,ジスト,ヒーニアス,ヴァネッサ,モルダ
エイリーク,ゼト,クーガー,ターナ,ヒーニアス,ラーチェル
ジスト,ヒーニアス,ラーチェル,ドズラ,ユアン,ロス
クーガー,ゼト,ナターシャ,ヨシュア,ヒーニアス,ターナ
アメリア,フランツ,フォルデ,カイル,ルーテ,ロス
アスレイ,ネイミー,ガルシア,ドズラ,ラーチェル,ヨシュア
アメリア,ネイミー,コーマ,モルダ,ギリアム,フランツ
アメリア,フランツ,ナターシャ,ノール,ルーテ,ロス
エイリーク,ゼト,クーガー,ターナ,エフラム,ラーチェル
アメリア,フランツ,フォルデ,ヴァネッサ,ルーテ,ロス
エフラム,ターナ,クーガー,ゼト,フランツ,フォルデ
アメリア,フランツ,ギリアム,ネイミー,ガルシア,ロス
エイリーク,ゼト,クーガー,ターナ,エフラム,フォルデ
コーマ,マリカ,ターナ,シレーネ,ヴァネッサ,モルダ
ガルシア,ドズラ,ラーチェル,ヒーニアス,ジスト,ロス
エイリーク,ヒーニアス,ヴァネッサ,ルーテ,カイル,フォルデ
クーガー,ゼト,ナターシャ,ヨシュア,マリカ,ターナ
エイリーク,ヒーニアス,ターナ,エフラム,カイル,フォルデ
コーマ,マリカ,ターナ,ヒーニアス,ヴァネッサ,モルダ
エイリーク,ターナ,クーガー,ゼト,フランツ,フォルデ
エイリーク,ヒーニアス,ラーチェル,エフラム,カイル,フォルデ
カイル,シレーネ,ギリアム,モルダ,ヴァネッサ,ルーテ
エイリーク,サレフ,ミルラ,エフラム,カイル,フォルデ
アメリア,ネイミー,ガルシア,ドズラ,ユアン,ロス
エフラム,ターナ,シレーネ,モルダ,ヴァネッサ,フォルデ
エイリーク,ターナ,マリカ,コーマ,カイル,フォルデ
コーマ,マリカ,ヨシュア,ヒーニアス,ヴァネッサ,モルダ
アメリア,ネイミー,ガルシア,ゼト,ナターシャ,フランツ
エイリーク,ターナ,エフラム,フォルデ,ヴァネッサ,ヒーニアス
ガルシア,ギリアム,モルダ,ヴァネッサ,ルーテ,ロス
コーマ,モルダ,ヴァネッサ,ヒーニアス,ラーチェル,レナック
エフラム,デュッセル,ノール,ルーテ,ヴァネッサ,フォルデ
アスレイ,ネイミー,ギリアム,モルダ,ヴァネッサ,ルーテ
エイリーク,フォルデ,カイル,コーマ,レナック,ラーチェル
ギリアム,シレーネ,ターナ,ヒーニアス,ヴァネッサ,モルダ
エフラム,フォルデ,ヴァネッサ,ヒーニアス,ヨシュア,ラーチェル
カイル,コーマ,ネイミー,ガルシア,ギリアム,シレーネ
アスレイ,ヨシュア,ヒーニアス,ジスト,ロス,ルーテ
カイル,コーマ,ネイミー,ガルシア,ロス,ルーテ
エイリーク,ゼト,クーガー,ナターシャ,ヨシュア,ラーチェル
エイリーク,ゼト,ガルシア,ロス,ジスト,ヒーニアス
エイリーク,ゼト,クーガー,ナターシャ,ヨシュア,ヒーニアス
エイリーク,フォルデ,エフラム,ターナ,ヒーニアス,ラーチェル
エイリーク,ゼト,クーガー,ナターシャ,フランツ,フォルデ
エイリーク,サレフ,ユアン,ロス,ジスト,ヒーニアス
エイリーク,ヒーニアス,ヴァネッサ,フォルデ,エフラム,ラーチェル
ガルシア,ギリアム,フランツ,ナターシャ,クーガー,ゼト
ガルシア,ドズラ,ラーチェル,レナック,コーマ,ネイミー
ジスト,ヨシュア,ナターシャ,ノール,ルーテ,ロス
エフラム,カイル,シレーネ,モルダ,ヴァネッサ,フォルデ
カイル,シレーネ,モルダ,ギリアム,フランツ,フォルデ
ガルシア,ギリアム,シレーネ,モルダ,コーマ,ネイミー
エイリーク,ターナ,クーガー,デュッセル,エフラム,フォルデ
ガルシア,ゼト,ナターシャ,ヨシュア,ジスト,ロス
エイリーク,エフラム,フォルデ,ヴァネッサ,シレーネ,ターナ
アメリア,フランツ,ナターシャ,ゼト,ガルシア,ロス
カイル,コーマ,ネイミー,ギリアム,モルダ,シレーネ
アスレイ,クーガー,ゼト,ガルシア,ロス,ルーテ
アスレイ,ネイミー,コーマ,モルダ,ヴァネッサ,ルーテ
ガルシア,ゼト,ナターシャ,フランツ,ギリアム,ネイミー
ジスト,ヨシュア,ラーチェル,ドズラ,ユアン,ロス
アスレイ,クーガー,ナターシャ,フランツ,アメリア,ネイミー
ガルシア,ドズラ,ラーチェル,ヨシュア,ジスト,ロス
ギリアム,フランツ,フォルデ,ヴァネッサ,シレーネ,モルダ
アスレイ,クーガー,ゼト,フランツ,アメリア,ネイミー
エイリーク,エフラム,フォルデ,ヴァネッサ,ヒーニアス,ターナ
ギリアム,シレーネ,ヴァネッサ,モルダ,コーマ,ネイミー
ジスト,ヨシュア,ヒーニアス,ヴァネッサ,ルーテ,ロス
アスレイ,クーガー,ゼト,ナターシャ,ノール,ルーテ
アスレイ,ネイミー,アメリア,フランツ,ナターシャ,ヨシュア
エイリーク,サレフ,ユアン,ドズラ,ガルシア,ゼト
エイリーク,エフラム,フォルデ,ヴァネッサ,ヒーニアス,ラーチェル
エイリーク,ヒーニアス,ヨシュア,ラーチェル,エフラム,フォルデ
アメリア,ネイミー,ギリアム,ガルシア,ドズラ,ユアン
エイリーク,ターナ,ヒーニアス,ラーチェル,エフラム,フォルデ
アメリア,ネイミー,コーマ,カイル,フォルデ,フランツ
エイリーク,フォルデ,エフラム,ミルラ,ドズラ,ラーチェル
アスレイ,クーガー,ゼト,フランツ,ナターシャ,ヨシュア
ジスト,ヨシュア,マリカ,テティス,ユアン,ロス
アスレイ,クーガー,ゼト,エイリーク,ラーチェル,ヨシュア
アスレイ,クーガー,ゼト,エイリーク,ヒーニアス,ヨシュア
エイリーク,ターナ,シレーネ,カイル,エフラム,フォルデ
ナターシャ,ノール,ルーテ,ヴァネッサ,フォルデ,フランツ
ガルシア,ドズラ,ユアン,テティス,ジスト,ロス
アスレイ,クーガー,ターナ,シレーネ,ギリアム,ネイミー
ナターシャ,フランツ,フォルデ,ヴァネッサ,ヒーニアス,ヨシュア
アスレイ,テティス,ユアン,ロス,ジスト,ヨシュア
アスレイ,クーガー,ナターシャ,フランツ,ギリアム,ネイミー
アスレイ,ネイミー,アメリア,ロス,ジスト,ヨシュア
アスレイ,クーガー,ゼト,ガルシア,ギリアム,ネイミー
ギリアム,シレーネ,モルダ,ヴァネッサ,フォルデ,フランツ
エイリーク,ゼト,フランツ,フォルデ,ヴァネッサ,ヒーニアス
アメリア,ネイミー,ギリアム,ガルシア,ゼト,フランツ
ガルシア,ドズラ,ミルラ,サレフ,ユアン,ロス
エイリーク,ヒーニアス,ターナ,シレーネ,ヴァネッサ,フォルデ
アスレイ,クーガー,ゼト,フランツ,ギリアム,ネイミー
エイリーク,ターナ,シレーネ,モルダ,ヴァネッサ,フォルデ
エイリーク,サレフ,ミルラ,ドズラ,ガルシア,ゼト
エイリーク,ターナ,クーガー,ナターシャ,フランツ,フォルデ
エイリーク,エフラム,デュッセル,クーガー,ナターシャ,ゼト
エイリーク,フォルデ,ヴァネッサ,ヒーニアス,ヨシュア,ラーチェル
カイル,フォルデ,フランツ,ナターシャ,ノール,ルーテ
ジスト,テティス,レナック,ドズラ,ユアン,ロス
アスレイ,ネイミー,ギリアム,シレーネ,カイル,ルーテ
エイリーク,エフラム,ミルラ,ドズラ,ガルシア,ゼト
ガルシア,ドズラ,レナック,テティス,ジスト,ロス
アスレイ,ネイミー,ギリアム,ガルシア,ロス,ルーテ
エイリーク,ゼト,ナターシャ,クーガー,ターナ,ヒーニアス
エイリーク,ゼト,ガルシア,ドズラ,レナック,ラーチェル
アスレイ,ネイミー,ギリアム,シレーネ,ヴァネッサ,ルーテ
エイリーク,フォルデ,フランツ,ナターシャ,ヨシュア,ラーチェル
エイリーク,サレフ,ジスト,ヒーニアス,ヴァネッサ,フォルデ
アスレイ,テティス,ジスト,ロス,アメリア,ネイミー
アスレイ,ネイミー,ギリアム,フランツ,ナターシャ,ヨシュア
エイリーク,エフラム,ターナ,クーガー,ナターシャ,ゼト
ガルシア,ドズラ,レナック,テティス,ユアン,ロス
エイリーク,ヒーニアス,ヨシュア,ナターシャ,フランツ,フォルデ
アメリア,ネイミー,ギリアム,ガルシア,ロス,ユアン
アスレイ,クーガー,デュッセル,アメリア,ロス,ルーテ
エイリーク,エフラム,ターナ,シレーネ,ヴァネッサ,フォルデ
ガルシア,ギリアム,ネイミー,コーマ,レナック,ドズラ
エイリーク,エフラム,ターナ,ヒーニアス,ヴァネッサ,フォルデ
エイリーク,エフラム,デュッセル,ノール,ナターシャ,ゼト
エイリーク,エフラム,ラーチェル,ヒーニアス,ヴァネッサ,フォルデ
アメリア,デュッセル,エフラム,カイル,ルーテ,ロス
エイリーク,ターナ,シレーネ,ギリアム,フランツ,フォルデ
エイリーク,ゼト,ガルシア,ギリアム,フランツ,フォルデ
ガルシア,ゼト,ナターシャ,ヨシュア,ラーチェル,ドズラ
エイリーク,エフラム,カイル,シレーネ,ヴァネッサ,フォルデ
カイル,コーマ,ネイミー,ギリアム,フランツ,フォルデ
ガルシア,ゼト,ナターシャ,ノール,ルーテ,ロス
エイリーク,エフラム,カイル,ルーテ,ヴァネッサ,フォルデ
カイル,シレーネ,ターナ,ヒーニアス,ヴァネッサ,ルーテ
エイリーク,エフラム,カイル,フォルデ,フランツ,ゼト
エイリーク,サレフ,ジスト,ヨシュア,ナターシャ,ゼト
エイリーク,ゼト,ガルシア,ドズラ,ラーチェル,ヒーニアス
ギリアム,シレーネ,ターナ,マリカ,コーマ,ネイミー
エフラム,ターナ,クーガー,ナターシャ,フランツ,フォルデ
エイリーク,ターナ,シレーネ,モルダ,ヴァネッサ,ヒーニアス
エフラム,カイル,ルーテ,ヴァネッサ,シレーネ,ターナ
エフラム,カイル,ルーテ,ヴァネッサ,ヒーニアス,ターナ
アスレイ,テティス,ユアン,アメリア,ロス,ルーテ
エフラム,ターナ,シレーネ,ギリアム,フランツ,フォルデ
エイリーク,ゼト,フランツ,フォルデ,エフラム,ターナ
エフラム,カイル,ルーテ,ヴァネッサ,ヒーニアス,ラーチェル
エフラム,デュッセル,ノール,ナターシャ,フランツ,フォルデ
エイリーク,エフラム,ラーチェル,ドズラ,ガルシア,ゼト
エフラム,デュッセル,クーガー,ナターシャ,フランツ,フォルデ
エイリーク,エフラム,カイル,ルーテ,ヴァネッサ,ヒーニアス
エイリーク,ゼト,ナターシャ,ヨシュア,ジスト,ヒーニアス
アスレイ,テティス,ユアン,ロス,アメリア,ネイミー
エフラム,フォルデ,フランツ,ナターシャ,ヨシュア,ラーチェル
エイリーク,ゼト,フランツ,フォルデ,エフラム,ラーチェル
アメリア,ネイミー,コーマ,カイル,ルーテ,ロス
エイリーク,サレフ,ジスト,ヨシュア,ラーチェル,ヒーニアス
エフラム,カイル,シレーネ,ギリアム,フランツ,フォルデ
ガルシア,ギリアム,シレーネ,ヴァネッサ,ルーテ,ロス
エイリーク,ゼト,ナターシャ,ヨシュア,ラーチェル,ヒーニアス
エイリーク,エフラム,ラーチェル,ヨシュア,ナターシャ,ゼト
ナターシャ,ノール,ルーテ,ヴァネッサ,ヒーニアス,ヨシュア
エイリーク,ターナ,マリカ,ヨシュア,ラーチェル,ヒーニアス
エイリーク,エフラム,フォルデ,フランツ,ナターシャ,ゼト
アスレイ,クーガー,ターナ,シレーネ,ヴァネッサ,ルーテ
エイリーク,ゼト,ナターシャ,ヨシュア,ヒーニアス,ラーチェル
エイリーク,サレフ,ユアン,ドズラ,ラーチェル,ヒーニアス
エイリーク,サレフ,ミルラ,ドズラ,ラーチェル,ヒーニアス
エイリーク,ゼト,ナターシャ,ヨシュア,ヒーニアス,ターナ
アスレイ,クーガー,ターナ,ヒーニアス,ヴァネッサ,ルーテ
アスレイ,テティス,ジスト,ヒーニアス,ヴァネッサ,ルーテ
エイリーク,エフラム,ミルラ,ドズラ,ラーチェル,ヒーニアス
アスレイ,ヨシュア,ジスト,ヒーニアス,ヴァネッサ,ルーテ
アスレイ,ヨシュア,ラーチェル,ヒーニアス,ヴァネッサ,ルーテ
エイリーク,ゼト,ナターシャ,ヨシュア,マリカ,ターナ
カイル,シレーネ,ギリアム,ガルシア,ロス,ルーテ
エイリーク,サレフ,ミルラ,エフラム,ラーチェル,ヒーニアス
エイリーク,サレフ,ユアン,ロス,ガルシア,ゼト
エイリーク,エフラム,デュッセル,クーガー,ターナ,ヒーニアス
エイリーク,ゼト,ガルシア,ギリアム,シレーネ,ターナ
エフラム,カイル,シレーネ,ヴァネッサ,ヒーニアス,ターナ
ギリアム,シレーネ,ターナ,クーガー,ナターシャ,フランツ
エフラム,カイル,シレーネ,ヴァネッサ,ヒーニアス,ラーチェル
エイリーク,ゼト,フランツ,ナターシャ,クーガー,ターナ
エイリーク,エフラム,カイル,シレーネ,ヴァネッサ,ヒーニアス
アメリア,デュッセル,ノール,ルーテ,ロス,ユアン
エイリーク,エフラム,カイル,シレーネ,ターナ,ヒーニアス
アスレイ,ネイミー,アメリア,ユアン,ロス,ルーテ
アスレイ,クーガー,ターナ,マリカ,コーマ,ネイミー
エイリーク,サレフ,ミルラ,エフラム,ターナ,ヒーニアス
エイリーク,サレフ,ジスト,マリカ,ターナ,ヒーニアス
エイリーク,ヒーニアス,ターナ,マリカ,ヨシュア,ラーチェル
エイリーク,ターナ,マリカ,ジスト,ヨシュア,ヒーニアス
エイリーク,ゼト,フランツ,ギリアム,シレーネ,ターナ
エイリーク,ターナ,クーガー,ナターシャ,ヨシュア,ヒーニアス
エフラム,ターナ,シレーネ,ヴァネッサ,ヒーニアス,ラーチェル
エイリーク,ゼト,フランツ,ナターシャ,ヨシュア,ヒーニアス
エイリーク,ゼト,フランツ,ナターシャ,ヨシュア,ラーチェル
エイリーク,エフラム,ターナ,シレーネ,ヴァネッサ,ヒーニアス
エイリーク,ターナ,エフラム,ラーチェル,ヨシュア,ヒーニアス
シレーネ,ターナ,マリカ,ジスト,ヒーニアス,ヴァネッサ
シレーネ,ターナ,マリカ,ヨシュア,ヒーニアス,ヴァネッサ
アスレイ,テティス,ジスト,マリカ,コーマ,ネイミー
エイリーク,サレフ,ジスト,マリカ,ヨシュア,ヒーニアス
エイリーク,エフラム,ターナ,マリカ,ヨシュア,ヒーニアス
アスレイ,クーガー,ターナ,エイリーク,ヒーニアス,ヨシュア
アスレイ,ネイミー,アメリア,デュッセル,ノール,ルーテ
エイリーク,ターナ,シレーネ,ヴァネッサ,ヒーニアス,ラーチェル
アスレイ,ネイミー,コーマ,マリカ,ジスト,ヨシュア
エイリーク,エフラム,ミルラ,サレフ,ジスト,ヒーニアス
エイリーク,エフラム,ターナ,マリカ,ジスト,ヒーニアス
エイリーク,ヒーニアス,ジスト,マリカ,ヨシュア,ラーチェル
アスレイ,ネイミー,コーマ,レナック,ラーチェル,ヨシュア
エイリーク,エフラム,ラーチェル,ヨシュア,ジスト,ヒーニアス
エイリーク,ターナ,マリカ,ヨシュア,ジスト,ヒーニアス
エイリーク,ヒーニアス,ジスト,テティス,レナック,ラーチェル
エイリーク,ターナ,マリカ,テティス,ジスト,ヒーニアス
エイリーク,サレフ,ユアン,テティス,ジスト,ヒーニアス
アメリア,デュッセル,エフラム,カイル,コーマ,ネイミー
アメリア,ネイミー,コーマ,レナック,ドズラ,ユアン
アメリア,ネイミー,コーマ,レナック,テティス,ユアン
アメリア,ネイミー,コーマ,マリカ,テティス,ユアン
エイリーク,ターナ,クーガー,デュッセル,エフラム,ラーチェル
エイリーク,ターナ,クーガー,ナターシャ,ヨシュア,ラーチェル
アスレイ,クーガー,ターナ,エイリーク,ラーチェル,ヨシュア
エイリーク,エフラム,フォルデ,カイル,シレーネ,ターナ
エイリーク,ターナ,シレーネ,カイル,エフラム,ラーチェル
エフラム,ターナ,マリカ,コーマ,カイル,フォルデ
エフラム,フォルデ,カイル,コーマ,レナック,ラーチェル
エイリーク,サレフ,ジスト,ヨシュア,ヒーニアス,ターナ
アスレイ,クーガー,デュッセル,ノール,ナターシャ,ヨシュア
アスレイ,クーガー,デュッセル,アメリア,ユアン,テティス
アスレイ,クーガー,デュッセル,エフラム,ラーチェル,ヨシュア
エイリーク,エフラム,ラーチェル,ヨシュア,ヒーニアス,ターナ
エイリーク,ターナ,ヒーニアス,ジスト,ヨシュア,ラーチェル
アスレイ,クーガー,デュッセル,エフラム,カイル,ルーテ
アスレイ,クーガー,ターナ,シレーネ,カイル,ルーテ
エイリーク,ターナ,エフラム,ミルラ,ドズラ,ラーチェル
アスレイ,テティス,レナック,コーマ,カイル,ルーテ
アスレイ,クーガー,ターナ,ヒーニアス,ラーチェル,ヨシュア
エフラム,デュッセル,ノール,ルーテ,カイル,フォルデ
アスレイ,テティス,マリカ,コーマ,カイル,ルーテ
アスレイ,クーガー,ターナ,ヒーニアス,ジスト,ヨシュア
エイリーク,ターナ,マリカ,テティス,レナック,ラーチェル
アスレイ,クーガー,ターナ,ヒーニアス,ジスト,テティス
アスレイ,ヨシュア,マリカ,コーマ,カイル,ルーテ
エイリーク,サレフ,ユアン,テティス,マリカ,ターナ
アスレイ,クーガー,ターナ,エフラム,ラーチェル,ヨシュア
エイリーク,サレフ,ジスト,テティス,マリカ,ターナ
エフラム,デュッセル,クーガー,ナターシャ,ヨシュア,ラーチェル
アスレイ,クーガー,ターナ,エフラム,カイル,ルーテ
アスレイ,クーガー,ターナ,マリカ,ジスト,ヨシュア
アスレイ,クーガー,ターナ,マリカ,ジスト,テティス
エフラム,カイル,コーマ,マリカ,ヨシュア,ラーチェル
エフラム,カイル,コーマ,レナック,ドズラ,ラーチェル
エイリーク,ターナ,マリカ,ジスト,ヒーニアス,ラーチェル
クーガー,ターナ,ヒーニアス,ラーチェル,ヨシュア,ナターシャ
エイリーク,ターナ,マリカ,ジスト,ヨシュア,ラーチェル
クーガー,ターナ,ヒーニアス,ジスト,ヨシュア,ナターシャ
アスレイ,ヨシュア,ラーチェル,エフラム,カイル,ルーテ
エフラム,ターナ,クーガー,ナターシャ,ノール,デュッセル
エイリーク,サレフ,ジスト,ヨシュア,マリカ,ターナ
エフラム,ターナ,クーガー,ナターシャ,ヨシュア,ラーチェル
クーガー,ターナ,マリカ,ジスト,ヨシュア,ナターシャ
アスレイ,クーガー,ナターシャ,ヨシュア,ジスト,テティス
エフラム,カイル,コーマ,レナック,ドズラ,ミルラ
エイリーク,エフラム,ラーチェル,ヨシュア,マリカ,ターナ
アスレイ,クーガー,ナターシャ,ヨシュア,マリカ,テティス
エイリーク,エフラム,カイル,コーマ,マリカ,ターナ
エイリーク,エフラム,カイル,コーマ,レナック,ラーチェル
コーマ,マリカ,テティス,ユアン,ドズラ,レナック
サレフ,ジスト,ヨシュア,ラーチェル,ドズラ,ユアン
サレフ,ジスト,ヨシュア,マリカ,テティス,ユアン
エイリーク,ターナ,マリカ,ヨシュア,ヒーニアス,ラーチェル
アスレイ,テティス,ユアン,サレフ,ジスト,ヨシュア
アスレイ,テティス,レナック,ラーチェル,ヒーニアス,ヨシュア
サレフ,ジスト,ヨシュア,ラーチェル,ドズラ,ミルラ
アスレイ,テティス,レナック,ドズラ,ラーチェル,ヨシュア
エフラム,ミルラ,サレフ,ジスト,ヨシュア,ラーチェル
エイリーク,ターナ,マリカ,コーマ,レナック,ラーチェル
コーマ,マリカ,ジスト,ヒーニアス,ラーチェル,レナック
エイリーク,サレフ,ジスト,ヨシュア,ヒーニアス,ラーチェル
エフラム,デュッセル,ノール,ナターシャ,ヨシュア,ラーチェル
エイリーク,エフラム,ラーチェル,ヨシュア,ジスト,サレフ
コーマ,マリカ,ジスト,ヨシュア,ラーチェル,レナック
アスレイ,テティス,レナック,コーマ,マリカ,ヨシュア
ジスト,マリカ,テティス,レナック,ラーチェル,ヨシュア
アスレイ,テティス,マリカ,ジスト,ヒーニアス,ヨシュア
ジスト,マリカ,ターナ,ヒーニアス,ラーチェル,ヨシュア
アスレイ,テティス,マリカ,ターナ,ヒーニアス,ヨシュア
エフラム,ターナ,マリカ,ジスト,ヨシュア,ラーチェル
コーマ,マリカ,ターナ,ヒーニアス,ラーチェル,レナック
アスレイ,テティス,ユアン,ドズラ,ラーチェル,ヨシュア
エフラム,ターナ,ヒーニアス,ジスト,ヨシュア,ラーチェル
エフラム,ターナ,マリカ,コーマ,レナック,ラーチェル
コーマ,マリカ,ヨシュア,ジスト,テティス,レナック
エフラム,ターナ,ヒーニアス,ラーチェル,ドズラ,ミルラ
コーマ,マリカ,ヨシュア,ラーチェル,ドズラ,レナック
アスレイ,テティス,ジスト,ヒーニアス,ラーチェル,ヨシュア
エイリーク,エフラム,ターナ,ヒーニアス,ヨシュア,ラーチェル
エフラム,ターナ,ヒーニアス,ジスト,サレフ,ミルラ
ジスト,テティス,レナック,ラーチェル,ヒーニアス,ヨシュア
コーマ,マリカ,ヨシュア,ヒーニアス,ラーチェル,レナック
ジスト,テティス,レナック,ドズラ,ラーチェル,ヨシュア
エイリーク,エフラム,ターナ,ヒーニアス,ジスト,サレフ
ジスト,テティス,マリカ,ターナ,ヒーニアス,ヨシュア
ジスト,テティス,ユアン,ドズラ,ラーチェル,ヨシュア
エフラム,ターナ,マリカ,テティス,レナック,ラーチェル
エフラム,ターナ,マリカ,ジスト,サレフ,ミルラ
エイリーク,エフラム,ターナ,マリカ,ジスト,サレフ
エフラム,ターナ,マリカ,ジスト,ヒーニアス,ラーチェル
エイリーク,エフラム,ターナ,マリカ,ヨシュア,ラーチェル
エフラム,ターナ,マリカ,ヨシュア,ヒーニアス,ラーチェル
エイリーク,サレフ,ユアン,テティス,レナック,ラーチェル
エイリーク,サレフ,ジスト,テティス,レナック,ラーチェル
エイリーク,サレフ,ユアン,ドズラ,レナック,ラーチェル
エイリーク,サレフ,ミルラ,ドズラ,レナック,ラーチェル
エイリーク,エフラム,ミルラ,ドズラ,レナック,ラーチェル
エフラム,カイル,シレーネ,ターナ,クーガー,デュッセル
エフラム,デュッセル,クーガー,ターナ,ヒーニアス,ラーチェル
エイリーク,サレフ,ジスト,ヒーニアス,ヨシュア,ラーチェル
エイリーク,サレフ,ジスト,マリカ,ヨシュア,ラーチェル
アメリア,デュッセル,エフラム,ミルラ,サレフ,ユアン
アメリア,デュッセル,エフラム,エイリーク,サレフ,ユアン
アメリア,デュッセル,エフラム,ミルラ,ドズラ,ユアン
アメリア,デュッセル,エフラム,ラーチェル,ドズラ,ユアン
ジスト,テティス,レナック,ラーチェル,ヨシュア,マリカ
ジスト,テティス,レナック,ラーチェル,ヨシュア,ヒーニアス
テティス,マリカ,ヨシュア,ラーチェル,ドズラ,ユアン
テティス,マリカ,ヨシュア,ラーチェル,ドズラ,レナック
エイリーク,エフラム,ミルラ,ドズラ,ユアン,サレフ
エイリーク,エフラム,ラーチェル,ドズラ,ユアン,サレフ
エフラム,カイル,シレーネ,ターナ,ヒーニアス,ラーチェル
ジスト,テティス,マリカ,ヨシュア,ラーチェル,ヒーニアス
エフラム,ミルラ,サレフ,ユアン,ドズラ,ラーチェル
エイリーク,エフラム,ラーチェル,ドズラ,ミルラ,サレフ
エフラム,ミルラ,サレフ,ジスト,ヒーニアス,ラーチェル
エイリーク,エフラム,ラーチェル,ヒーニアス,ジスト,サレフ
ジスト,ヒーニアス,ラーチェル,レナック,テティス,マリカ
ターナ,ヒーニアス,ラーチェル,レナック,テティス,マリカ
テティス,マリカ,ヨシュア,ヒーニアス,ラーチェル,レナック
サレフ,ジスト,ヒーニアス,ラーチェル,ドズラ,ユアン
ジスト,テティス,ユアン,ドズラ,ラーチェル,ヒーニアス
サレフ,ジスト,ヒーニアス,ラーチェル,ドズラ,ミルラ
ジスト,テティス,レナック,ドズラ,ラーチェル,ヒーニアス
サレフ,ジスト,テティス,レナック,ドズラ,ユアン
サレフ,ジスト,テティス,ユアン,ドズラ,ミルラ
サレフ,ジスト,テティス,レナック,ドズラ,ミルラ
サレフ,ミルラ,ドズラ,レナック,テティス,ユアン
